Workbook

Sheet A SAVOIR
B1: FICHIER D'APPELS - MODE D'EMPLOI
B2: Fonctionne de la même manière dans Excel et dans Google Sheets.
B4: Commercial : | D4: Test iPad | G4: ← votre nom : il s'affiche en haut des listes imprimées
B6: GOOGLE SHEETS : PAS DE CASES À COCHER ? TAPEZ SIMPLEMENT « X »
B7: Un X dans la case du jour (LUNDI, MARDI…) ou dans TOUS LES JOURS fonctionne exactement comme une case cochée.
B9: COMMENT REMPLIR LE FICHIER
B11: 1 | C11: Ouvrez la feuille BASECLIENTS. Une ligne = un client. La ligne grise « EXEMPLE » en haut montre comment remplir : ne la supprimez pas, elle n'apparaît jamais dans les listes.
B12: 2 | C12: Choisissez l'heure d'appel dans la liste déroulante (de 08:00 à 18:30, toutes les 15 minutes).
B13: 3 | C13: Cochez les jours où le client doit être appelé (dans Google Sheets : tapez X dans la case). Pour un client appelé tous les jours, cochez seulement « TOUS LES JOURS » : les 5 jours se colorent en vert.
B14: 4 | C14: Si besoin, choisissez une CONSIGNE pour le remplaçant (Proposer le Flash, Demander le chef, Fermé / saisonnier, Attention impayé…) et précisez dans le commentaire (prénom, date de réouverture…).
B15: 5 | C15: C'est tout : les feuilles LUNDI à VENDREDI se remplissent toutes seules, classées par heure d'appel. Les clients sans heure sont en bas de liste.
B16: 6 | C16: Pour imprimer une journée : ouvrez la feuille du jour puis Fichier > Imprimer. La colonne NOTES sert à écrire à la main.
B18: EXEMPLE
C20: HEURE | D20: NOM CLIENT | E20: TOUS | F20: LUN | G20: MAR | H20: MER | I20: JEU | J20: VEN | K20: CONSIGNE
C21: 08:30 | D21: LE BISTROT | E21: ☐ | F21: ☑ | G21: ☐ | H21: ☑ | I21: ☐ | J21: ☐ | K21: Commande habituelle
C22: ➜ apparaît automatiquement dans les feuilles LUNDI et MERCREDI, à 08:30.
C24: HEURE | D24: NOM CLIENT | E24: TOUS | F24: LUN | G24: MAR | H24: MER | I24: JEU | J24: VEN | K24: CONSIGNE
C25: 10:00 | D25: HOTEL DU COL | E25: ☑ | K25: Client sensible
C26: ➜ apparaît dans les 5 feuilles, à 10:00 (les jours se colorent en vert).
C28: Dans Google Sheets, avec des X :
C29: HEURE | D29: NOM CLIENT | E29: TOUS | F29: LUN | G29: MAR | H29: MER | I29: JEU | J29: VEN | K29: CONSIGNE
C30: 09:00 | D30: LA BONNE TABLE | F30: X | I30: X | K30: Demander le chef
C31: ➜ apparaît dans les feuilles LUNDI et JEUDI, à 09:00. Un X suffit !
B33: À NE PAS FAIRE
B34: ✖ Ne rien taper dans les feuilles LUNDI à VENDREDI : elles sont calculées automatiquement.
B35: ✖ Ne pas supprimer ni déplacer de colonnes, ne pas modifier les formules.
B36: ✖ Ne pas supprimer la ligne grise EXEMPLE. Maximum 1000 clients par fichier.
B38: DANS GOOGLE SHEETS
B39: Tapez simplement X dans la case du jour (majuscule ou minuscule) : rien d'autre à faire.
B40: • Pour imprimer : Fichier > Imprimer, puis choisissez la feuille du jour.
B41: • Facultatif, pour avoir de vraies cases à cocher : feuille BASECLIENTS, tapez E2:J1001 dans la zone de nom (en haut à gauche, à côté de fx), Entrée, puis Insertion > Case à cocher.
B42: • Retour vers Excel : les cases deviennent VRAI / FAUX. Dans Excel, sélectionnez E2:J1001 de BASECLIENTS puis Insertion > Case à cocher.

Sheet BASECLIENTS
A1: HEURE D'APPEL | B1: NOM CLIENT | C1: CODE CLIENT | D1: VILLE | E1: TOUS LES JOURS | F1: LUNDI | G1: MARDI | H1: MERCREDI | I1: JEUDI | J1: VENDREDI | K1: TÉLÉPHONE | L1: CONSIGNE | M1: COMMENTAIRE
A2: 0.35416667 | B2: EXEMPLE - NE PAS SUPPRIMER | C2: 123456 | D2: VILLARD DE LANS | F2: TRUE | H2: TRUE | K2: 0476000000 | L2: Commande habituelle | M2: Demander Paul - livraison le mardi
A3: 0.39583333 | B3: CLIENT A | C3: 1 | D3: VILLE | F3: TRUE | K3: 0600000001
A4: 0.33333333 | B4: CLIENT B | C4: 2 | D4: VILLE | F4: X | K4: 0600000002
B5: CLIENT C | C5: 3 | D5: VILLE | F5: TRUE | K5: 0600000003
A6: 0.41666667 | B6: CLIENT D | C6: 4 | D6: VILLE | K6: 0600000004

Sheet LUNDI
A1: ="LUNDI"&IF('A SAVOIR'!$D$4="",""," - "&'A SAVOIR'!$D$4) -> LUNDI
A2: HEURE | B2: CODE CLIENT | C2: NOM CLIENT | D2: VILLE | E2: TÉLÉPHONE | F2: CONSIGNE | G2: COMMENTAIRE | H2: NOTES | I2: CLÉ (calcul) | J2: LIGNE (calcul)
A3: =IF($J3="","",IF(INDEX(BASECLIENTS!$A:$A,$J3)="","",INDEX(BASECLIENTS!$A:$A,$J3))) -> REMPLACÉE | B3: =IF($J3="","",IF(INDEX(BASECLIENTS!$C:$C,$J3)="","",INDEX(BASECLIENTS!$C:$C,$J3))) -> REMPLACÉE | C3: =IF($J3="","",IF(INDEX(BASECLIENTS!$B:$B,$J3)="","",INDEX(BASECLIENTS!$B:$B,$J3))) -> REMPLACÉE | D3: =IF($J3="","",IF(INDEX(BASECLIENTS!$D:$D,$J3)="","",INDEX(BASECLIENTS!$D:$D,$J3))) -> REMPLACÉE | E3: =IF($J3="","",IF(INDEX(BASECLIENTS!$K:$K,$J3)="","",INDEX(BASECLIENTS!$K:$K,$J3))) -> REMPLACÉE | F3: =IF($J3="","",IF(INDEX(BASECLIENTS!$L:$L,$J3)="","",INDEX(BASECLIENTS!$L:$L,$J3))) -> REMPLACÉE | G3: =IF($J3="","",IF(INDEX(BASECLIENTS!$M:$M,$J3)="","",INDEX(BASECLIENTS!$M:$M,$J3))) -> REMPLACÉE | I3: =IF(AND(INDEX(BASECLIENTS!$B:$B,ROW()-1)<>"",LEFT(INDEX(BASECLIENTS!$B:$B,ROW()-1),7)<>"EXEMPLE",OR(INDEX(BASECLIENTS!$E:$E,ROW()-1)=TRUE,INDEX(BASECLIENTS!$F:$F,ROW()-1)=TRUE,INDEX(BASECLIENTS!$E:$E,ROW()-1)="X",INDEX(BASECLIENTS!$F:$F,ROW()-1)="X",INDEX(BASECLIENTS!$E:$E,ROW()-1)="OUI",INDEX(BASECLIENTS!$F:$F,ROW()-1)="OUI")),IF(ISNUMBER(INDEX(BASECLIENTS!$A:$A,ROW()-1)),MOD(INDEX(BASECLIENTS!$A:$A,ROW()-1),1),IFERROR(TIMEVALUE(INDEX(BASECLIENTS!$A:$A,ROW()-1)),1))+ROW()/10000000,"") -> REMPLACÉE | J3: =IFERROR(MATCH(SMALL($I$3:$I$8,ROW()-2),$I$3:$I$8,0)+1,"") -> REMPLACÉE
A4: =IF($J4="","",IF(INDEX(BASECLIENTS!$A:$A,$J4)="","",INDEX(BASECLIENTS!$A:$A,$J4))) -> REMPLACÉE | B4: =IF($J4="","",IF(INDEX(BASECLIENTS!$C:$C,$J4)="","",INDEX(BASECLIENTS!$C:$C,$J4))) -> REMPLACÉE | C4: =IF($J4="","",IF(INDEX(BASECLIENTS!$B:$B,$J4)="","",INDEX(BASECLIENTS!$B:$B,$J4))) -> REMPLACÉE | D4: =IF($J4="","",IF(INDEX(BASECLIENTS!$D:$D,$J4)="","",INDEX(BASECLIENTS!$D:$D,$J4))) -> REMPLACÉE | E4: =IF($J4="","",IF(INDEX(BASECLIENTS!$K:$K,$J4)="","",INDEX(BASECLIENTS!$K:$K,$J4))) -> REMPLACÉE | F4: =IF($J4="","",IF(INDEX(BASECLIENTS!$L:$L,$J4)="","",INDEX(BASECLIENTS!$L:$L,$J4))) -> REMPLACÉE | G4: =IF($J4="","",IF(INDEX(BASECLIENTS!$M:$M,$J4)="","",INDEX(BASECLIENTS!$M:$M,$J4))) -> REMPLACÉE | I4: =IF(AND(INDEX(BASECLIENTS!$B:$B,ROW()-1)<>"",LEFT(INDEX(BASECLIENTS!$B:$B,ROW()-1),7)<>"EXEMPLE",OR(INDEX(BASECLIENTS!$E:$E,ROW()-1)=TRUE,INDEX(BASECLIENTS!$F:$F,ROW()-1)=TRUE,INDEX(BASECLIENTS!$E:$E,ROW()-1)="X",INDEX(BASECLIENTS!$F:$F,ROW()-1)="X",INDEX(BASECLIENTS!$E:$E,ROW()-1)="OUI",INDEX(BASECLIENTS!$F:$F,ROW()-1)="OUI")),IF(ISNUMBER(INDEX(BASECLIENTS!$A:$A,ROW()-1)),MOD(INDEX(BASECLIENTS!$A:$A,ROW()-1),1),IFERROR(TIMEVALUE(INDEX(BASECLIENTS!$A:$A,ROW()-1)),1))+ROW()/10000000,"") -> REMPLACÉE | J4: =IFERROR(MATCH(SMALL($I$3:$I$8,ROW()-2),$I$3:$I$8,0)+1,"") -> REMPLACÉE
A5: =IF($J5="","",IF(INDEX(BASECLIENTS!$A:$A,$J5)="","",INDEX(BASECLIENTS!$A:$A,$J5))) -> REMPLACÉE | B5: =IF($J5="","",IF(INDEX(BASECLIENTS!$C:$C,$J5)="","",INDEX(BASECLIENTS!$C:$C,$J5))) -> REMPLACÉE | C5: =IF($J5="","",IF(INDEX(BASECLIENTS!$B:$B,$J5)="","",INDEX(BASECLIENTS!$B:$B,$J5))) -> REMPLACÉE | D5: =IF($J5="","",IF(INDEX(BASECLIENTS!$D:$D,$J5)="","",INDEX(BASECLIENTS!$D:$D,$J5))) -> REMPLACÉE | E5: =IF($J5="","",IF(INDEX(BASECLIENTS!$K:$K,$J5)="","",INDEX(BASECLIENTS!$K:$K,$J5))) -> REMPLACÉE | F5: =IF($J5="","",IF(INDEX(BASECLIENTS!$L:$L,$J5)="","",INDEX(BASECLIENTS!$L:$L,$J5))) -> REMPLACÉE | G5: =IF($J5="","",IF(INDEX(BASECLIENTS!$M:$M,$J5)="","",INDEX(BASECLIENTS!$M:$M,$J5))) -> REMPLACÉE | I5: =IF(AND(INDEX(BASECLIENTS!$B:$B,ROW()-1)<>"",LEFT(INDEX(BASECLIENTS!$B:$B,ROW()-1),7)<>"EXEMPLE",OR(INDEX(BASECLIENTS!$E:$E,ROW()-1)=TRUE,INDEX(BASECLIENTS!$F:$F,ROW()-1)=TRUE,INDEX(BASECLIENTS!$E:$E,ROW()-1)="X",INDEX(BASECLIENTS!$F:$F,ROW()-1)="X",INDEX(BASECLIENTS!$E:$E,ROW()-1)="OUI",INDEX(BASECLIENTS!$F:$F,ROW()-1)="OUI")),IF(ISNUMBER(INDEX(BASECLIENTS!$A:$A,ROW()-1)),MOD(INDEX(BASECLIENTS!$A:$A,ROW()-1),1),IFERROR(TIMEVALUE(INDEX(BASECLIENTS!$A:$A,ROW()-1)),1))+ROW()/10000000,"") -> REMPLACÉE | J5: =IFERROR(MATCH(SMALL($I$3:$I$8,ROW()-2),$I$3:$I$8,0)+1,"") -> REMPLACÉE
A6: =IF($J6="","",IF(INDEX(BASECLIENTS!$A:$A,$J6)="","",INDEX(BASECLIENTS!$A:$A,$J6))) -> REMPLACÉE | B6: =IF($J6="","",IF(INDEX(BASECLIENTS!$C:$C,$J6)="","",INDEX(BASECLIENTS!$C:$C,$J6))) -> REMPLACÉE | C6: =IF($J6="","",IF(INDEX(BASECLIENTS!$B:$B,$J6)="","",INDEX(BASECLIENTS!$B:$B,$J6))) -> REMPLACÉE | D6: =IF($J6="","",IF(INDEX(BASECLIENTS!$D:$D,$J6)="","",INDEX(BASECLIENTS!$D:$D,$J6))) -> REMPLACÉE | E6: =IF($J6="","",IF(INDEX(BASECLIENTS!$K:$K,$J6)="","",INDEX(BASECLIENTS!$K:$K,$J6))) -> REMPLACÉE | F6: =IF($J6="","",IF(INDEX(BASECLIENTS!$L:$L,$J6)="","",INDEX(BASECLIENTS!$L:$L,$J6))) -> REMPLACÉE | G6: =IF($J6="","",IF(INDEX(BASECLIENTS!$M:$M,$J6)="","",INDEX(BASECLIENTS!$M:$M,$J6))) -> REMPLACÉE | I6: =IF(AND(INDEX(BASECLIENTS!$B:$B,ROW()-1)<>"",LEFT(INDEX(BASECLIENTS!$B:$B,ROW()-1),7)<>"EXEMPLE",OR(INDEX(BASECLIENTS!$E:$E,ROW()-1)=TRUE,INDEX(BASECLIENTS!$F:$F,ROW()-1)=TRUE,INDEX(BASECLIENTS!$E:$E,ROW()-1)="X",INDEX(BASECLIENTS!$F:$F,ROW()-1)="X",INDEX(BASECLIENTS!$E:$E,ROW()-1)="OUI",INDEX(BASECLIENTS!$F:$F,ROW()-1)="OUI")),IF(ISNUMBER(INDEX(BASECLIENTS!$A:$A,ROW()-1)),MOD(INDEX(BASECLIENTS!$A:$A,ROW()-1),1),IFERROR(TIMEVALUE(INDEX(BASECLIENTS!$A:$A,ROW()-1)),1))+ROW()/10000000,"") -> REMPLACÉE | J6: =IFERROR(MATCH(SMALL($I$3:$I$8,ROW()-2),$I$3:$I$8,0)+1,"") -> REMPLACÉE
A7: =IF($J7="","",IF(INDEX(BASECLIENTS!$A:$A,$J7)="","",INDEX(BASECLIENTS!$A:$A,$J7))) -> REMPLACÉE | B7: =IF($J7="","",IF(INDEX(BASECLIENTS!$C:$C,$J7)="","",INDEX(BASECLIENTS!$C:$C,$J7))) -> REMPLACÉE | C7: =IF($J7="","",IF(INDEX(BASECLIENTS!$B:$B,$J7)="","",INDEX(BASECLIENTS!$B:$B,$J7))) -> REMPLACÉE | D7: =IF($J7="","",IF(INDEX(BASECLIENTS!$D:$D,$J7)="","",INDEX(BASECLIENTS!$D:$D,$J7))) -> REMPLACÉE | E7: =IF($J7="","",IF(INDEX(BASECLIENTS!$K:$K,$J7)="","",INDEX(BASECLIENTS!$K:$K,$J7))) -> REMPLACÉE | F7: =IF($J7="","",IF(INDEX(BASECLIENTS!$L:$L,$J7)="","",INDEX(BASECLIENTS!$L:$L,$J7))) -> REMPLACÉE | G7: =IF($J7="","",IF(INDEX(BASECLIENTS!$M:$M,$J7)="","",INDEX(BASECLIENTS!$M:$M,$J7))) -> REMPLACÉE | I7: =IF(AND(INDEX(BASECLIENTS!$B:$B,ROW()-1)<>"",LEFT(INDEX(BASECLIENTS!$B:$B,ROW()-1),7)<>"EXEMPLE",OR(INDEX(BASECLIENTS!$E:$E,ROW()-1)=TRUE,INDEX(BASECLIENTS!$F:$F,ROW()-1)=TRUE,INDEX(BASECLIENTS!$E:$E,ROW()-1)="X",INDEX(BASECLIENTS!$F:$F,ROW()-1)="X",INDEX(BASECLIENTS!$E:$E,ROW()-1)="OUI",INDEX(BASECLIENTS!$F:$F,ROW()-1)="OUI")),IF(ISNUMBER(INDEX(BASECLIENTS!$A:$A,ROW()-1)),MOD(INDEX(BASECLIENTS!$A:$A,ROW()-1),1),IFERROR(TIMEVALUE(INDEX(BASECLIENTS!$A:$A,ROW()-1)),1))+ROW()/10000000,"") -> REMPLACÉE | J7: =IFERROR(MATCH(SMALL($I$3:$I$8,ROW()-2),$I$3:$I$8,0)+1,"") -> REMPLACÉE
A8: =IF($J8="","",IF(INDEX(BASECLIENTS!$A:$A,$J8)="","",INDEX(BASECLIENTS!$A:$A,$J8))) -> REMPLACÉE | B8: =IF($J8="","",IF(INDEX(BASECLIENTS!$C:$C,$J8)="","",INDEX(BASECLIENTS!$C:$C,$J8))) -> REMPLACÉE | C8: =IF($J8="","",IF(INDEX(BASECLIENTS!$B:$B,$J8)="","",INDEX(BASECLIENTS!$B:$B,$J8))) -> REMPLACÉE | D8: =IF($J8="","",IF(INDEX(BASECLIENTS!$D:$D,$J8)="","",INDEX(BASECLIENTS!$D:$D,$J8))) -> REMPLACÉE | E8: =IF($J8="","",IF(INDEX(BASECLIENTS!$K:$K,$J8)="","",INDEX(BASECLIENTS!$K:$K,$J8))) -> REMPLACÉE | F8: =IF($J8="","",IF(INDEX(BASECLIENTS!$L:$L,$J8)="","",INDEX(BASECLIENTS!$L:$L,$J8))) -> REMPLACÉE | G8: =IF($J8="","",IF(INDEX(BASECLIENTS!$M:$M,$J8)="","",INDEX(BASECLIENTS!$M:$M,$J8))) -> REMPLACÉE | I8: =IF(AND(INDEX(BASECLIENTS!$B:$B,ROW()-1)<>"",LEFT(INDEX(BASECLIENTS!$B:$B,ROW()-1),7)<>"EXEMPLE",OR(INDEX(BASECLIENTS!$E:$E,ROW()-1)=TRUE,INDEX(BASECLIENTS!$F:$F,ROW()-1)=TRUE,INDEX(BASECLIENTS!$E:$E,ROW()-1)="X",INDEX(BASECLIENTS!$F:$F,ROW()-1)="X",INDEX(BASECLIENTS!$E:$E,ROW()-1)="OUI",INDEX(BASECLIENTS!$F:$F,ROW()-1)="OUI")),IF(ISNUMBER(INDEX(BASECLIENTS!$A:$A,ROW()-1)),MOD(INDEX(BASECLIENTS!$A:$A,ROW()-1),1),IFERROR(TIMEVALUE(INDEX(BASECLIENTS!$A:$A,ROW()-1)),1))+ROW()/10000000,"") -> REMPLACÉE | J8: =IFERROR(MATCH(SMALL($I$3:$I$8,ROW()-2),$I$3:$I$8,0)+1,"") -> REMPLACÉE

Sheet MARDI
A1: ="MARDI"&IF('A SAVOIR'!$D$4="",""," - "&'A SAVOIR'!$D$4) -> MARDI
A2: HEURE | B2: CODE CLIENT | C2: NOM CLIENT | D2: VILLE | E2: TÉLÉPHONE | F2: CONSIGNE | G2: COMMENTAIRE | H2: NOTES | I2: CLÉ (calcul) | J2: LIGNE (calcul)
A3: =IF($J3="","",IF(INDEX(BASECLIENTS!$A:$A,$J3)="","",INDEX(BASECLIENTS!$A:$A,$J3))) -> REMPLACÉE | B3: =IF($J3="","",IF(INDEX(BASECLIENTS!$C:$C,$J3)="","",INDEX(BASECLIENTS!$C:$C,$J3))) -> REMPLACÉE | C3: =IF($J3="","",IF(INDEX(BASECLIENTS!$B:$B,$J3)="","",INDEX(BASECLIENTS!$B:$B,$J3))) -> REMPLACÉE | D3: =IF($J3="","",IF(INDEX(BASECLIENTS!$D:$D,$J3)="","",INDEX(BASECLIENTS!$D:$D,$J3))) -> REMPLACÉE | E3: =IF($J3="","",IF(INDEX(BASECLIENTS!$K:$K,$J3)="","",INDEX(BASECLIENTS!$K:$K,$J3))) -> REMPLACÉE | F3: =IF($J3="","",IF(INDEX(BASECLIENTS!$L:$L,$J3)="","",INDEX(BASECLIENTS!$L:$L,$J3))) -> REMPLACÉE | G3: =IF($J3="","",IF(INDEX(BASECLIENTS!$M:$M,$J3)="","",INDEX(BASECLIENTS!$M:$M,$J3))) -> REMPLACÉE | I3: =IF(AND(INDEX(BASECLIENTS!$B:$B,ROW()-1)<>"",LEFT(INDEX(BASECLIENTS!$B:$B,ROW()-1),7)<>"EXEMPLE",OR(INDEX(BASECLIENTS!$E:$E,ROW()-1)=TRUE,INDEX(BASECLIENTS!$G:$G,ROW()-1)=TRUE,INDEX(BASECLIENTS!$E:$E,ROW()-1)="X",INDEX(BASECLIENTS!$G:$G,ROW()-1)="X",INDEX(BASECLIENTS!$E:$E,ROW()-1)="OUI",INDEX(BASECLIENTS!$G:$G,ROW()-1)="OUI")),IF(ISNUMBER(INDEX(BASECLIENTS!$A:$A,ROW()-1)),MOD(INDEX(BASECLIENTS!$A:$A,ROW()-1),1),IFERROR(TIMEVALUE(INDEX(BASECLIENTS!$A:$A,ROW()-1)),1))+ROW()/10000000,"") -> REMPLACÉE | J3: =IFERROR(MATCH(SMALL($I$3:$I$8,ROW()-2),$I$3:$I$8,0)+1,"") -> REMPLACÉE
A4: =IF($J4="","",IF(INDEX(BASECLIENTS!$A:$A,$J4)="","",INDEX(BASECLIENTS!$A:$A,$J4))) -> REMPLACÉE | B4: =IF($J4="","",IF(INDEX(BASECLIENTS!$C:$C,$J4)="","",INDEX(BASECLIENTS!$C:$C,$J4))) -> REMPLACÉE | C4: =IF($J4="","",IF(INDEX(BASECLIENTS!$B:$B,$J4)="","",INDEX(BASECLIENTS!$B:$B,$J4))) -> REMPLACÉE | D4: =IF($J4="","",IF(INDEX(BASECLIENTS!$D:$D,$J4)="","",INDEX(BASECLIENTS!$D:$D,$J4))) -> REMPLACÉE | E4: =IF($J4="","",IF(INDEX(BASECLIENTS!$K:$K,$J4)="","",INDEX(BASECLIENTS!$K:$K,$J4))) -> REMPLACÉE | F4: =IF($J4="","",IF(INDEX(BASECLIENTS!$L:$L,$J4)="","",INDEX(BASECLIENTS!$L:$L,$J4))) -> REMPLACÉE | G4: =IF($J4="","",IF(INDEX(BASECLIENTS!$M:$M,$J4)="","",INDEX(BASECLIENTS!$M:$M,$J4))) -> REMPLACÉE | I4: =IF(AND(INDEX(BASECLIENTS!$B:$B,ROW()-1)<>"",LEFT(INDEX(BASECLIENTS!$B:$B,ROW()-1),7)<>"EXEMPLE",OR(INDEX(BASECLIENTS!$E:$E,ROW()-1)=TRUE,INDEX(BASECLIENTS!$G:$G,ROW()-1)=TRUE,INDEX(BASECLIENTS!$E:$E,ROW()-1)="X",INDEX(BASECLIENTS!$G:$G,ROW()-1)="X",INDEX(BASECLIENTS!$E:$E,ROW()-1)="OUI",INDEX(BASECLIENTS!$G:$G,ROW()-1)="OUI")),IF(ISNUMBER(INDEX(BASECLIENTS!$A:$A,ROW()-1)),MOD(INDEX(BASECLIENTS!$A:$A,ROW()-1),1),IFERROR(TIMEVALUE(INDEX(BASECLIENTS!$A:$A,ROW()-1)),1))+ROW()/10000000,"") -> REMPLACÉE | J4: =IFERROR(MATCH(SMALL($I$3:$I$8,ROW()-2),$I$3:$I$8,0)+1,"") -> REMPLACÉE
A5: =IF($J5="","",IF(INDEX(BASECLIENTS!$A:$A,$J5)="","",INDEX(BASECLIENTS!$A:$A,$J5))) -> REMPLACÉE | B5: =IF($J5="","",IF(INDEX(BASECLIENTS!$C:$C,$J5)="","",INDEX(BASECLIENTS!$C:$C,$J5))) -> REMPLACÉE | C5: =IF($J5="","",IF(INDEX(BASECLIENTS!$B:$B,$J5)="","",INDEX(BASECLIENTS!$B:$B,$J5))) -> REMPLACÉE | D5: =IF($J5="","",IF(INDEX(BASECLIENTS!$D:$D,$J5)="","",INDEX(BASECLIENTS!$D:$D,$J5))) -> REMPLACÉE | E5: =IF($J5="","",IF(INDEX(BASECLIENTS!$K:$K,$J5)="","",INDEX(BASECLIENTS!$K:$K,$J5))) -> REMPLACÉE | F5: =IF($J5="","",IF(INDEX(BASECLIENTS!$L:$L,$J5)="","",INDEX(BASECLIENTS!$L:$L,$J5))) -> REMPLACÉE | G5: =IF($J5="","",IF(INDEX(BASECLIENTS!$M:$M,$J5)="","",INDEX(BASECLIENTS!$M:$M,$J5))) -> REMPLACÉE | I5: =IF(AND(INDEX(BASECLIENTS!$B:$B,ROW()-1)<>"",LEFT(INDEX(BASECLIENTS!$B:$B,ROW()-1),7)<>"EXEMPLE",OR(INDEX(BASECLIENTS!$E:$E,ROW()-1)=TRUE,INDEX(BASECLIENTS!$G:$G,ROW()-1)=TRUE,INDEX(BASECLIENTS!$E:$E,ROW()-1)="X",INDEX(BASECLIENTS!$G:$G,ROW()-1)="X",INDEX(BASECLIENTS!$E:$E,ROW()-1)="OUI",INDEX(BASECLIENTS!$G:$G,ROW()-1)="OUI")),IF(ISNUMBER(INDEX(BASECLIENTS!$A:$A,ROW()-1)),MOD(INDEX(BASECLIENTS!$A:$A,ROW()-1),1),IFERROR(TIMEVALUE(INDEX(BASECLIENTS!$A:$A,ROW()-1)),1))+ROW()/10000000,"") -> REMPLACÉE | J5: =IFERROR(MATCH(SMALL($I$3:$I$8,ROW()-2),$I$3:$I$8,0)+1,"") -> REMPLACÉE
A6: =IF($J6="","",IF(INDEX(BASECLIENTS!$A:$A,$J6)="","",INDEX(BASECLIENTS!$A:$A,$J6))) -> REMPLACÉE | B6: =IF($J6="","",IF(INDEX(BASECLIENTS!$C:$C,$J6)="","",INDEX(BASECLIENTS!$C:$C,$J6))) -> REMPLACÉE | C6: =IF($J6="","",IF(INDEX(BASECLIENTS!$B:$B,$J6)="","",INDEX(BASECLIENTS!$B:$B,$J6))) -> REMPLACÉE | D6: =IF($J6="","",IF(INDEX(BASECLIENTS!$D:$D,$J6)="","",INDEX(BASECLIENTS!$D:$D,$J6))) -> REMPLACÉE | E6: =IF($J6="","",IF(INDEX(BASECLIENTS!$K:$K,$J6)="","",INDEX(BASECLIENTS!$K:$K,$J6))) -> REMPLACÉE | F6: =IF($J6="","",IF(INDEX(BASECLIENTS!$L:$L,$J6)="","",INDEX(BASECLIENTS!$L:$L,$J6))) -> REMPLACÉE | G6: =IF($J6="","",IF(INDEX(BASECLIENTS!$M:$M,$J6)="","",INDEX(BASECLIENTS!$M:$M,$J6))) -> REMPLACÉE | I6: =IF(AND(INDEX(BASECLIENTS!$B:$B,ROW()-1)<>"",LEFT(INDEX(BASECLIENTS!$B:$B,ROW()-1),7)<>"EXEMPLE",OR(INDEX(BASECLIENTS!$E:$E,ROW()-1)=TRUE,INDEX(BASECLIENTS!$G:$G,ROW()-1)=TRUE,INDEX(BASECLIENTS!$E:$E,ROW()-1)="X",INDEX(BASECLIENTS!$G:$G,ROW()-1)="X",INDEX(BASECLIENTS!$E:$E,ROW()-1)="OUI",INDEX(BASECLIENTS!$G:$G,ROW()-1)="OUI")),IF(ISNUMBER(INDEX(BASECLIENTS!$A:$A,ROW()-1)),MOD(INDEX(BASECLIENTS!$A:$A,ROW()-1),1),IFERROR(TIMEVALUE(INDEX(BASECLIENTS!$A:$A,ROW()-1)),1))+ROW()/10000000,"") -> REMPLACÉE | J6: =IFERROR(MATCH(SMALL($I$3:$I$8,ROW()-2),$I$3:$I$8,0)+1,"") -> REMPLACÉE
A7: =IF($J7="","",IF(INDEX(BASECLIENTS!$A:$A,$J7)="","",INDEX(BASECLIENTS!$A:$A,$J7))) -> REMPLACÉE | B7: =IF($J7="","",IF(INDEX(BASECLIENTS!$C:$C,$J7)="","",INDEX(BASECLIENTS!$C:$C,$J7))) -> REMPLACÉE | C7: =IF($J7="","",IF(INDEX(BASECLIENTS!$B:$B,$J7)="","",INDEX(BASECLIENTS!$B:$B,$J7))) -> REMPLACÉE | D7: =IF($J7="","",IF(INDEX(BASECLIENTS!$D:$D,$J7)="","",INDEX(BASECLIENTS!$D:$D,$J7))) -> REMPLACÉE | E7: =IF($J7="","",IF(INDEX(BASECLIENTS!$K:$K,$J7)="","",INDEX(BASECLIENTS!$K:$K,$J7))) -> REMPLACÉE | F7: =IF($J7="","",IF(INDEX(BASECLIENTS!$L:$L,$J7)="","",INDEX(BASECLIENTS!$L:$L,$J7))) -> REMPLACÉE | G7: =IF($J7="","",IF(INDEX(BASECLIENTS!$M:$M,$J7)="","",INDEX(BASECLIENTS!$M:$M,$J7))) -> REMPLACÉE | I7: =IF(AND(INDEX(BASECLIENTS!$B:$B,ROW()-1)<>"",LEFT(INDEX(BASECLIENTS!$B:$B,ROW()-1),7)<>"EXEMPLE",OR(INDEX(BASECLIENTS!$E:$E,ROW()-1)=TRUE,INDEX(BASECLIENTS!$G:$G,ROW()-1)=TRUE,INDEX(BASECLIENTS!$E:$E,ROW()-1)="X",INDEX(BASECLIENTS!$G:$G,ROW()-1)="X",INDEX(BASECLIENTS!$E:$E,ROW()-1)="OUI",INDEX(BASECLIENTS!$G:$G,ROW()-1)="OUI")),IF(ISNUMBER(INDEX(BASECLIENTS!$A:$A,ROW()-1)),MOD(INDEX(BASECLIENTS!$A:$A,ROW()-1),1),IFERROR(TIMEVALUE(INDEX(BASECLIENTS!$A:$A,ROW()-1)),1))+ROW()/10000000,"") -> REMPLACÉE | J7: =IFERROR(MATCH(SMALL($I$3:$I$8,ROW()-2),$I$3:$I$8,0)+1,"") -> REMPLACÉE
A8: =IF($J8="","",IF(INDEX(BASECLIENTS!$A:$A,$J8)="","",INDEX(BASECLIENTS!$A:$A,$J8))) -> REMPLACÉE | B8: =IF($J8="","",IF(INDEX(BASECLIENTS!$C:$C,$J8)="","",INDEX(BASECLIENTS!$C:$C,$J8))) -> REMPLACÉE | C8: =IF($J8="","",IF(INDEX(BASECLIENTS!$B:$B,$J8)="","",INDEX(BASECLIENTS!$B:$B,$J8))) -> REMPLACÉE | D8: =IF($J8="","",IF(INDEX(BASECLIENTS!$D:$D,$J8)="","",INDEX(BASECLIENTS!$D:$D,$J8))) -> REMPLACÉE | E8: =IF($J8="","",IF(INDEX(BASECLIENTS!$K:$K,$J8)="","",INDEX(BASECLIENTS!$K:$K,$J8))) -> REMPLACÉE | F8: =IF($J8="","",IF(INDEX(BASECLIENTS!$L:$L,$J8)="","",INDEX(BASECLIENTS!$L:$L,$J8))) -> REMPLACÉE | G8: =IF($J8="","",IF(INDEX(BASECLIENTS!$M:$M,$J8)="","",INDEX(BASECLIENTS!$M:$M,$J8))) -> REMPLACÉE | I8: =IF(AND(INDEX(BASECLIENTS!$B:$B,ROW()-1)<>"",LEFT(INDEX(BASECLIENTS!$B:$B,ROW()-1),7)<>"EXEMPLE",OR(INDEX(BASECLIENTS!$E:$E,ROW()-1)=TRUE,INDEX(BASECLIENTS!$G:$G,ROW()-1)=TRUE,INDEX(BASECLIENTS!$E:$E,ROW()-1)="X",INDEX(BASECLIENTS!$G:$G,ROW()-1)="X",INDEX(BASECLIENTS!$E:$E,ROW()-1)="OUI",INDEX(BASECLIENTS!$G:$G,ROW()-1)="OUI")),IF(ISNUMBER(INDEX(BASECLIENTS!$A:$A,ROW()-1)),MOD(INDEX(BASECLIENTS!$A:$A,ROW()-1),1),IFERROR(TIMEVALUE(INDEX(BASECLIENTS!$A:$A,ROW()-1)),1))+ROW()/10000000,"") -> REMPLACÉE | J8: =IFERROR(MATCH(SMALL($I$3:$I$8,ROW()-2),$I$3:$I$8,0)+1,"") -> REMPLACÉE

Sheet MERCREDI
A1: ="MERCREDI"&IF('A SAVOIR'!$D$4="",""," - "&'A SAVOIR'!$D$4) -> MERCREDI
A2: HEURE | B2: CODE CLIENT | C2: NOM CLIENT | D2: VILLE | E2: TÉLÉPHONE | F2: CONSIGNE | G2: COMMENTAIRE | H2: NOTES | I2: CLÉ (calcul) | J2: LIGNE (calcul)
A3: =IF($J3="","",IF(INDEX(BASECLIENTS!$A:$A,$J3)="","",INDEX(BASECLIENTS!$A:$A,$J3))) -> REMPLACÉE | B3: =IF($J3="","",IF(INDEX(BASECLIENTS!$C:$C,$J3)="","",INDEX(BASECLIENTS!$C:$C,$J3))) -> REMPLACÉE | C3: =IF($J3="","",IF(INDEX(BASECLIENTS!$B:$B,$J3)="","",INDEX(BASECLIENTS!$B:$B,$J3))) -> REMPLACÉE | D3: =IF($J3="","",IF(INDEX(BASECLIENTS!$D:$D,$J3)="","",INDEX(BASECLIENTS!$D:$D,$J3))) -> REMPLACÉE | E3: =IF($J3="","",IF(INDEX(BASECLIENTS!$K:$K,$J3)="","",INDEX(BASECLIENTS!$K:$K,$J3))) -> REMPLACÉE | F3: =IF($J3="","",IF(INDEX(BASECLIENTS!$L:$L,$J3)="","",INDEX(BASECLIENTS!$L:$L,$J3))) -> REMPLACÉE | G3: =IF($J3="","",IF(INDEX(BASECLIENTS!$M:$M,$J3)="","",INDEX(BASECLIENTS!$M:$M,$J3))) -> REMPLACÉE | I3: =IF(AND(INDEX(BASECLIENTS!$B:$B,ROW()-1)<>"",LEFT(INDEX(BASECLIENTS!$B:$B,ROW()-1),7)<>"EXEMPLE",OR(INDEX(BASECLIENTS!$E:$E,ROW()-1)=TRUE,INDEX(BASECLIENTS!$H:$H,ROW()-1)=TRUE,INDEX(BASECLIENTS!$E:$E,ROW()-1)="X",INDEX(BASECLIENTS!$H:$H,ROW()-1)="X",INDEX(BASECLIENTS!$E:$E,ROW()-1)="OUI",INDEX(BASECLIENTS!$H:$H,ROW()-1)="OUI")),IF(ISNUMBER(INDEX(BASECLIENTS!$A:$A,ROW()-1)),MOD(INDEX(BASECLIENTS!$A:$A,ROW()-1),1),IFERROR(TIMEVALUE(INDEX(BASECLIENTS!$A:$A,ROW()-1)),1))+ROW()/10000000,"") -> REMPLACÉE | J3: =IFERROR(MATCH(SMALL($I$3:$I$8,ROW()-2),$I$3:$I$8,0)+1,"") -> REMPLACÉE
A4: =IF($J4="","",IF(INDEX(BASECLIENTS!$A:$A,$J4)="","",INDEX(BASECLIENTS!$A:$A,$J4))) -> REMPLACÉE | B4: =IF($J4="","",IF(INDEX(BASECLIENTS!$C:$C,$J4)="","",INDEX(BASECLIENTS!$C:$C,$J4))) -> REMPLACÉE | C4: =IF($J4="","",IF(INDEX(BASECLIENTS!$B:$B,$J4)="","",INDEX(BASECLIENTS!$B:$B,$J4))) -> REMPLACÉE | D4: =IF($J4="","",IF(INDEX(BASECLIENTS!$D:$D,$J4)="","",INDEX(BASECLIENTS!$D:$D,$J4))) -> REMPLACÉE | E4: =IF($J4="","",IF(INDEX(BASECLIENTS!$K:$K,$J4)="","",INDEX(BASECLIENTS!$K:$K,$J4))) -> REMPLACÉE | F4: =IF($J4="","",IF(INDEX(BASECLIENTS!$L:$L,$J4)="","",INDEX(BASECLIENTS!$L:$L,$J4))) -> REMPLACÉE | G4: =IF($J4="","",IF(INDEX(BASECLIENTS!$M:$M,$J4)="","",INDEX(BASECLIENTS!$M:$M,$J4))) -> REMPLACÉE | I4: =IF(AND(INDEX(BASECLIENTS!$B:$B,ROW()-1)<>"",LEFT(INDEX(BASECLIENTS!$B:$B,ROW()-1),7)<>"EXEMPLE",OR(INDEX(BASECLIENTS!$E:$E,ROW()-1)=TRUE,INDEX(BASECLIENTS!$H:$H,ROW()-1)=TRUE,INDEX(BASECLIENTS!$E:$E,ROW()-1)="X",INDEX(BASECLIENTS!$H:$H,ROW()-1)="X",INDEX(BASECLIENTS!$E:$E,ROW()-1)="OUI",INDEX(BASECLIENTS!$H:$H,ROW()-1)="OUI")),IF(ISNUMBER(INDEX(BASECLIENTS!$A:$A,ROW()-1)),MOD(INDEX(BASECLIENTS!$A:$A,ROW()-1),1),IFERROR(TIMEVALUE(INDEX(BASECLIENTS!$A:$A,ROW()-1)),1))+ROW()/10000000,"") -> REMPLACÉE | J4: =IFERROR(MATCH(SMALL($I$3:$I$8,ROW()-2),$I$3:$I$8,0)+1,"") -> REMPLACÉE
A5: =IF($J5="","",IF(INDEX(BASECLIENTS!$A:$A,$J5)="","",INDEX(BASECLIENTS!$A:$A,$J5))) -> REMPLACÉE | B5: =IF($J5="","",IF(INDEX(BASECLIENTS!$C:$C,$J5)="","",INDEX(BASECLIENTS!$C:$C,$J5))) -> REMPLACÉE | C5: =IF($J5="","",IF(INDEX(BASECLIENTS!$B:$B,$J5)="","",INDEX(BASECLIENTS!$B:$B,$J5))) -> REMPLACÉE | D5: =IF($J5="","",IF(INDEX(BASECLIENTS!$D:$D,$J5)="","",INDEX(BASECLIENTS!$D:$D,$J5))) -> REMPLACÉE | E5: =IF($J5="","",IF(INDEX(BASECLIENTS!$K:$K,$J5)="","",INDEX(BASECLIENTS!$K:$K,$J5))) -> REMPLACÉE | F5: =IF($J5="","",IF(INDEX(BASECLIENTS!$L:$L,$J5)="","",INDEX(BASECLIENTS!$L:$L,$J5))) -> REMPLACÉE | G5: =IF($J5="","",IF(INDEX(BASECLIENTS!$M:$M,$J5)="","",INDEX(BASECLIENTS!$M:$M,$J5))) -> REMPLACÉE | I5: =IF(AND(INDEX(BASECLIENTS!$B:$B,ROW()-1)<>"",LEFT(INDEX(BASECLIENTS!$B:$B,ROW()-1),7)<>"EXEMPLE",OR(INDEX(BASECLIENTS!$E:$E,ROW()-1)=TRUE,INDEX(BASECLIENTS!$H:$H,ROW()-1)=TRUE,INDEX(BASECLIENTS!$E:$E,ROW()-1)="X",INDEX(BASECLIENTS!$H:$H,ROW()-1)="X",INDEX(BASECLIENTS!$E:$E,ROW()-1)="OUI",INDEX(BASECLIENTS!$H:$H,ROW()-1)="OUI")),IF(ISNUMBER(INDEX(BASECLIENTS!$A:$A,ROW()-1)),MOD(INDEX(BASECLIENTS!$A:$A,ROW()-1),1),IFERROR(TIMEVALUE(INDEX(BASECLIENTS!$A:$A,ROW()-1)),1))+ROW()/10000000,"") -> REMPLACÉE | J5: =IFERROR(MATCH(SMALL($I$3:$I$8,ROW()-2),$I$3:$I$8,0)+1,"") -> REMPLACÉE
A6: =IF($J6="","",IF(INDEX(BASECLIENTS!$A:$A,$J6)="","",INDEX(BASECLIENTS!$A:$A,$J6))) -> REMPLACÉE | B6: =IF($J6="","",IF(INDEX(BASECLIENTS!$C:$C,$J6)="","",INDEX(BASECLIENTS!$C:$C,$J6))) -> REMPLACÉE | C6: =IF($J6="","",IF(INDEX(BASECLIENTS!$B:$B,$J6)="","",INDEX(BASECLIENTS!$B:$B,$J6))) -> REMPLACÉE | D6: =IF($J6="","",IF(INDEX(BASECLIENTS!$D:$D,$J6)="","",INDEX(BASECLIENTS!$D:$D,$J6))) -> REMPLACÉE | E6: =IF($J6="","",IF(INDEX(BASECLIENTS!$K:$K,$J6)="","",INDEX(BASECLIENTS!$K:$K,$J6))) -> REMPLACÉE | F6: =IF($J6="","",IF(INDEX(BASECLIENTS!$L:$L,$J6)="","",INDEX(BASECLIENTS!$L:$L,$J6))) -> REMPLACÉE | G6: =IF($J6="","",IF(INDEX(BASECLIENTS!$M:$M,$J6)="","",INDEX(BASECLIENTS!$M:$M,$J6))) -> REMPLACÉE | I6: =IF(AND(INDEX(BASECLIENTS!$B:$B,ROW()-1)<>"",LEFT(INDEX(BASECLIENTS!$B:$B,ROW()-1),7)<>"EXEMPLE",OR(INDEX(BASECLIENTS!$E:$E,ROW()-1)=TRUE,INDEX(BASECLIENTS!$H:$H,ROW()-1)=TRUE,INDEX(BASECLIENTS!$E:$E,ROW()-1)="X",INDEX(BASECLIENTS!$H:$H,ROW()-1)="X",INDEX(BASECLIENTS!$E:$E,ROW()-1)="OUI",INDEX(BASECLIENTS!$H:$H,ROW()-1)="OUI")),IF(ISNUMBER(INDEX(BASECLIENTS!$A:$A,ROW()-1)),MOD(INDEX(BASECLIENTS!$A:$A,ROW()-1),1),IFERROR(TIMEVALUE(INDEX(BASECLIENTS!$A:$A,ROW()-1)),1))+ROW()/10000000,"") -> REMPLACÉE | J6: =IFERROR(MATCH(SMALL($I$3:$I$8,ROW()-2),$I$3:$I$8,0)+1,"") -> REMPLACÉE
A7: =IF($J7="","",IF(INDEX(BASECLIENTS!$A:$A,$J7)="","",INDEX(BASECLIENTS!$A:$A,$J7))) -> REMPLACÉE | B7: =IF($J7="","",IF(INDEX(BASECLIENTS!$C:$C,$J7)="","",INDEX(BASECLIENTS!$C:$C,$J7))) -> REMPLACÉE | C7: =IF($J7="","",IF(INDEX(BASECLIENTS!$B:$B,$J7)="","",INDEX(BASECLIENTS!$B:$B,$J7))) -> REMPLACÉE | D7: =IF($J7="","",IF(INDEX(BASECLIENTS!$D:$D,$J7)="","",INDEX(BASECLIENTS!$D:$D,$J7))) -> REMPLACÉE | E7: =IF($J7="","",IF(INDEX(BASECLIENTS!$K:$K,$J7)="","",INDEX(BASECLIENTS!$K:$K,$J7))) -> REMPLACÉE | F7: =IF($J7="","",IF(INDEX(BASECLIENTS!$L:$L,$J7)="","",INDEX(BASECLIENTS!$L:$L,$J7))) -> REMPLACÉE | G7: =IF($J7="","",IF(INDEX(BASECLIENTS!$M:$M,$J7)="","",INDEX(BASECLIENTS!$M:$M,$J7))) -> REMPLACÉE | I7: =IF(AND(INDEX(BASECLIENTS!$B:$B,ROW()-1)<>"",LEFT(INDEX(BASECLIENTS!$B:$B,ROW()-1),7)<>"EXEMPLE",OR(INDEX(BASECLIENTS!$E:$E,ROW()-1)=TRUE,INDEX(BASECLIENTS!$H:$H,ROW()-1)=TRUE,INDEX(BASECLIENTS!$E:$E,ROW()-1)="X",INDEX(BASECLIENTS!$H:$H,ROW()-1)="X",INDEX(BASECLIENTS!$E:$E,ROW()-1)="OUI",INDEX(BASECLIENTS!$H:$H,ROW()-1)="OUI")),IF(ISNUMBER(INDEX(BASECLIENTS!$A:$A,ROW()-1)),MOD(INDEX(BASECLIENTS!$A:$A,ROW()-1),1),IFERROR(TIMEVALUE(INDEX(BASECLIENTS!$A:$A,ROW()-1)),1))+ROW()/10000000,"") -> REMPLACÉE | J7: =IFERROR(MATCH(SMALL($I$3:$I$8,ROW()-2),$I$3:$I$8,0)+1,"") -> REMPLACÉE
A8: =IF($J8="","",IF(INDEX(BASECLIENTS!$A:$A,$J8)="","",INDEX(BASECLIENTS!$A:$A,$J8))) -> REMPLACÉE | B8: =IF($J8="","",IF(INDEX(BASECLIENTS!$C:$C,$J8)="","",INDEX(BASECLIENTS!$C:$C,$J8))) -> REMPLACÉE | C8: =IF($J8="","",IF(INDEX(BASECLIENTS!$B:$B,$J8)="","",INDEX(BASECLIENTS!$B:$B,$J8))) -> REMPLACÉE | D8: =IF($J8="","",IF(INDEX(BASECLIENTS!$D:$D,$J8)="","",INDEX(BASECLIENTS!$D:$D,$J8))) -> REMPLACÉE | E8: =IF($J8="","",IF(INDEX(BASECLIENTS!$K:$K,$J8)="","",INDEX(BASECLIENTS!$K:$K,$J8))) -> REMPLACÉE | F8: =IF($J8="","",IF(INDEX(BASECLIENTS!$L:$L,$J8)="","",INDEX(BASECLIENTS!$L:$L,$J8))) -> REMPLACÉE | G8: =IF($J8="","",IF(INDEX(BASECLIENTS!$M:$M,$J8)="","",INDEX(BASECLIENTS!$M:$M,$J8))) -> REMPLACÉE | I8: =IF(AND(INDEX(BASECLIENTS!$B:$B,ROW()-1)<>"",LEFT(INDEX(BASECLIENTS!$B:$B,ROW()-1),7)<>"EXEMPLE",OR(INDEX(BASECLIENTS!$E:$E,ROW()-1)=TRUE,INDEX(BASECLIENTS!$H:$H,ROW()-1)=TRUE,INDEX(BASECLIENTS!$E:$E,ROW()-1)="X",INDEX(BASECLIENTS!$H:$H,ROW()-1)="X",INDEX(BASECLIENTS!$E:$E,ROW()-1)="OUI",INDEX(BASECLIENTS!$H:$H,ROW()-1)="OUI")),IF(ISNUMBER(INDEX(BASECLIENTS!$A:$A,ROW()-1)),MOD(INDEX(BASECLIENTS!$A:$A,ROW()-1),1),IFERROR(TIMEVALUE(INDEX(BASECLIENTS!$A:$A,ROW()-1)),1))+ROW()/10000000,"") -> REMPLACÉE | J8: =IFERROR(MATCH(SMALL($I$3:$I$8,ROW()-2),$I$3:$I$8,0)+1,"") -> REMPLACÉE

Sheet JEUDI
A1: ="JEUDI"&IF('A SAVOIR'!$D$4="",""," - "&'A SAVOIR'!$D$4) -> JEUDI
A2: HEURE | B2: CODE CLIENT | C2: NOM CLIENT | D2: VILLE | E2: TÉLÉPHONE | F2: CONSIGNE | G2: COMMENTAIRE | H2: NOTES | I2: CLÉ (calcul) | J2: LIGNE (calcul)
A3: =IF($J3="","",IF(INDEX(BASECLIENTS!$A:$A,$J3)="","",INDEX(BASECLIENTS!$A:$A,$J3))) -> REMPLACÉE | B3: =IF($J3="","",IF(INDEX(BASECLIENTS!$C:$C,$J3)="","",INDEX(BASECLIENTS!$C:$C,$J3))) -> REMPLACÉE | C3: =IF($J3="","",IF(INDEX(BASECLIENTS!$B:$B,$J3)="","",INDEX(BASECLIENTS!$B:$B,$J3))) -> REMPLACÉE | D3: =IF($J3="","",IF(INDEX(BASECLIENTS!$D:$D,$J3)="","",INDEX(BASECLIENTS!$D:$D,$J3))) -> REMPLACÉE | E3: =IF($J3="","",IF(INDEX(BASECLIENTS!$K:$K,$J3)="","",INDEX(BASECLIENTS!$K:$K,$J3))) -> REMPLACÉE | F3: =IF($J3="","",IF(INDEX(BASECLIENTS!$L:$L,$J3)="","",INDEX(BASECLIENTS!$L:$L,$J3))) -> REMPLACÉE | G3: =IF($J3="","",IF(INDEX(BASECLIENTS!$M:$M,$J3)="","",INDEX(BASECLIENTS!$M:$M,$J3))) -> REMPLACÉE | I3: =IF(AND(INDEX(BASECLIENTS!$B:$B,ROW()-1)<>"",LEFT(INDEX(BASECLIENTS!$B:$B,ROW()-1),7)<>"EXEMPLE",OR(INDEX(BASECLIENTS!$E:$E,ROW()-1)=TRUE,INDEX(BASECLIENTS!$I:$I,ROW()-1)=TRUE,INDEX(BASECLIENTS!$E:$E,ROW()-1)="X",INDEX(BASECLIENTS!$I:$I,ROW()-1)="X",INDEX(BASECLIENTS!$E:$E,ROW()-1)="OUI",INDEX(BASECLIENTS!$I:$I,ROW()-1)="OUI")),IF(ISNUMBER(INDEX(BASECLIENTS!$A:$A,ROW()-1)),MOD(INDEX(BASECLIENTS!$A:$A,ROW()-1),1),IFERROR(TIMEVALUE(INDEX(BASECLIENTS!$A:$A,ROW()-1)),1))+ROW()/10000000,"") -> REMPLACÉE | J3: =IFERROR(MATCH(SMALL($I$3:$I$8,ROW()-2),$I$3:$I$8,0)+1,"") -> REMPLACÉE
A4: =IF($J4="","",IF(INDEX(BASECLIENTS!$A:$A,$J4)="","",INDEX(BASECLIENTS!$A:$A,$J4))) -> REMPLACÉE | B4: =IF($J4="","",IF(INDEX(BASECLIENTS!$C:$C,$J4)="","",INDEX(BASECLIENTS!$C:$C,$J4))) -> REMPLACÉE | C4: =IF($J4="","",IF(INDEX(BASECLIENTS!$B:$B,$J4)="","",INDEX(BASECLIENTS!$B:$B,$J4))) -> REMPLACÉE | D4: =IF($J4="","",IF(INDEX(BASECLIENTS!$D:$D,$J4)="","",INDEX(BASECLIENTS!$D:$D,$J4))) -> REMPLACÉE | E4: =IF($J4="","",IF(INDEX(BASECLIENTS!$K:$K,$J4)="","",INDEX(BASECLIENTS!$K:$K,$J4))) -> REMPLACÉE | F4: =IF($J4="","",IF(INDEX(BASECLIENTS!$L:$L,$J4)="","",INDEX(BASECLIENTS!$L:$L,$J4))) -> REMPLACÉE | G4: =IF($J4="","",IF(INDEX(BASECLIENTS!$M:$M,$J4)="","",INDEX(BASECLIENTS!$M:$M,$J4))) -> REMPLACÉE | I4: =IF(AND(INDEX(BASECLIENTS!$B:$B,ROW()-1)<>"",LEFT(INDEX(BASECLIENTS!$B:$B,ROW()-1),7)<>"EXEMPLE",OR(INDEX(BASECLIENTS!$E:$E,ROW()-1)=TRUE,INDEX(BASECLIENTS!$I:$I,ROW()-1)=TRUE,INDEX(BASECLIENTS!$E:$E,ROW()-1)="X",INDEX(BASECLIENTS!$I:$I,ROW()-1)="X",INDEX(BASECLIENTS!$E:$E,ROW()-1)="OUI",INDEX(BASECLIENTS!$I:$I,ROW()-1)="OUI")),IF(ISNUMBER(INDEX(BASECLIENTS!$A:$A,ROW()-1)),MOD(INDEX(BASECLIENTS!$A:$A,ROW()-1),1),IFERROR(TIMEVALUE(INDEX(BASECLIENTS!$A:$A,ROW()-1)),1))+ROW()/10000000,"") -> REMPLACÉE | J4: =IFERROR(MATCH(SMALL($I$3:$I$8,ROW()-2),$I$3:$I$8,0)+1,"") -> REMPLACÉE
A5: =IF($J5="","",IF(INDEX(BASECLIENTS!$A:$A,$J5)="","",INDEX(BASECLIENTS!$A:$A,$J5))) -> REMPLACÉE | B5: =IF($J5="","",IF(INDEX(BASECLIENTS!$C:$C,$J5)="","",INDEX(BASECLIENTS!$C:$C,$J5))) -> REMPLACÉE | C5: =IF($J5="","",IF(INDEX(BASECLIENTS!$B:$B,$J5)="","",INDEX(BASECLIENTS!$B:$B,$J5))) -> REMPLACÉE | D5: =IF($J5="","",IF(INDEX(BASECLIENTS!$D:$D,$J5)="","",INDEX(BASECLIENTS!$D:$D,$J5))) -> REMPLACÉE | E5: =IF($J5="","",IF(INDEX(BASECLIENTS!$K:$K,$J5)="","",INDEX(BASECLIENTS!$K:$K,$J5))) -> REMPLACÉE | F5: =IF($J5="","",IF(INDEX(BASECLIENTS!$L:$L,$J5)="","",INDEX(BASECLIENTS!$L:$L,$J5))) -> REMPLACÉE | G5: =IF($J5="","",IF(INDEX(BASECLIENTS!$M:$M,$J5)="","",INDEX(BASECLIENTS!$M:$M,$J5))) -> REMPLACÉE | I5: =IF(AND(INDEX(BASECLIENTS!$B:$B,ROW()-1)<>"",LEFT(INDEX(BASECLIENTS!$B:$B,ROW()-1),7)<>"EXEMPLE",OR(INDEX(BASECLIENTS!$E:$E,ROW()-1)=TRUE,INDEX(BASECLIENTS!$I:$I,ROW()-1)=TRUE,INDEX(BASECLIENTS!$E:$E,ROW()-1)="X",INDEX(BASECLIENTS!$I:$I,ROW()-1)="X",INDEX(BASECLIENTS!$E:$E,ROW()-1)="OUI",INDEX(BASECLIENTS!$I:$I,ROW()-1)="OUI")),IF(ISNUMBER(INDEX(BASECLIENTS!$A:$A,ROW()-1)),MOD(INDEX(BASECLIENTS!$A:$A,ROW()-1),1),IFERROR(TIMEVALUE(INDEX(BASECLIENTS!$A:$A,ROW()-1)),1))+ROW()/10000000,"") -> REMPLACÉE | J5: =IFERROR(MATCH(SMALL($I$3:$I$8,ROW()-2),$I$3:$I$8,0)+1,"") -> REMPLACÉE
A6: =IF($J6="","",IF(INDEX(BASECLIENTS!$A:$A,$J6)="","",INDEX(BASECLIENTS!$A:$A,$J6))) -> REMPLACÉE | B6: =IF($J6="","",IF(INDEX(BASECLIENTS!$C:$C,$J6)="","",INDEX(BASECLIENTS!$C:$C,$J6))) -> REMPLACÉE | C6: =IF($J6="","",IF(INDEX(BASECLIENTS!$B:$B,$J6)="","",INDEX(BASECLIENTS!$B:$B,$J6))) -> REMPLACÉE | D6: =IF($J6="","",IF(INDEX(BASECLIENTS!$D:$D,$J6)="","",INDEX(BASECLIENTS!$D:$D,$J6))) -> REMPLACÉE | E6: =IF($J6="","",IF(INDEX(BASECLIENTS!$K:$K,$J6)="","",INDEX(BASECLIENTS!$K:$K,$J6))) -> REMPLACÉE | F6: =IF($J6="","",IF(INDEX(BASECLIENTS!$L:$L,$J6)="","",INDEX(BASECLIENTS!$L:$L,$J6))) -> REMPLACÉE | G6: =IF($J6="","",IF(INDEX(BASECLIENTS!$M:$M,$J6)="","",INDEX(BASECLIENTS!$M:$M,$J6))) -> REMPLACÉE | I6: =IF(AND(INDEX(BASECLIENTS!$B:$B,ROW()-1)<>"",LEFT(INDEX(BASECLIENTS!$B:$B,ROW()-1),7)<>"EXEMPLE",OR(INDEX(BASECLIENTS!$E:$E,ROW()-1)=TRUE,INDEX(BASECLIENTS!$I:$I,ROW()-1)=TRUE,INDEX(BASECLIENTS!$E:$E,ROW()-1)="X",INDEX(BASECLIENTS!$I:$I,ROW()-1)="X",INDEX(BASECLIENTS!$E:$E,ROW()-1)="OUI",INDEX(BASECLIENTS!$I:$I,ROW()-1)="OUI")),IF(ISNUMBER(INDEX(BASECLIENTS!$A:$A,ROW()-1)),MOD(INDEX(BASECLIENTS!$A:$A,ROW()-1),1),IFERROR(TIMEVALUE(INDEX(BASECLIENTS!$A:$A,ROW()-1)),1))+ROW()/10000000,"") -> REMPLACÉE | J6: =IFERROR(MATCH(SMALL($I$3:$I$8,ROW()-2),$I$3:$I$8,0)+1,"") -> REMPLACÉE
A7: =IF($J7="","",IF(INDEX(BASECLIENTS!$A:$A,$J7)="","",INDEX(BASECLIENTS!$A:$A,$J7))) -> REMPLACÉE | B7: =IF($J7="","",IF(INDEX(BASECLIENTS!$C:$C,$J7)="","",INDEX(BASECLIENTS!$C:$C,$J7))) -> REMPLACÉE | C7: =IF($J7="","",IF(INDEX(BASECLIENTS!$B:$B,$J7)="","",INDEX(BASECLIENTS!$B:$B,$J7))) -> REMPLACÉE | D7: =IF($J7="","",IF(INDEX(BASECLIENTS!$D:$D,$J7)="","",INDEX(BASECLIENTS!$D:$D,$J7))) -> REMPLACÉE | E7: =IF($J7="","",IF(INDEX(BASECLIENTS!$K:$K,$J7)="","",INDEX(BASECLIENTS!$K:$K,$J7))) -> REMPLACÉE | F7: =IF($J7="","",IF(INDEX(BASECLIENTS!$L:$L,$J7)="","",INDEX(BASECLIENTS!$L:$L,$J7))) -> REMPLACÉE | G7: =IF($J7="","",IF(INDEX(BASECLIENTS!$M:$M,$J7)="","",INDEX(BASECLIENTS!$M:$M,$J7))) -> REMPLACÉE | I7: =IF(AND(INDEX(BASECLIENTS!$B:$B,ROW()-1)<>"",LEFT(INDEX(BASECLIENTS!$B:$B,ROW()-1),7)<>"EXEMPLE",OR(INDEX(BASECLIENTS!$E:$E,ROW()-1)=TRUE,INDEX(BASECLIENTS!$I:$I,ROW()-1)=TRUE,INDEX(BASECLIENTS!$E:$E,ROW()-1)="X",INDEX(BASECLIENTS!$I:$I,ROW()-1)="X",INDEX(BASECLIENTS!$E:$E,ROW()-1)="OUI",INDEX(BASECLIENTS!$I:$I,ROW()-1)="OUI")),IF(ISNUMBER(INDEX(BASECLIENTS!$A:$A,ROW()-1)),MOD(INDEX(BASECLIENTS!$A:$A,ROW()-1),1),IFERROR(TIMEVALUE(INDEX(BASECLIENTS!$A:$A,ROW()-1)),1))+ROW()/10000000,"") -> REMPLACÉE | J7: =IFERROR(MATCH(SMALL($I$3:$I$8,ROW()-2),$I$3:$I$8,0)+1,"") -> REMPLACÉE
A8: =IF($J8="","",IF(INDEX(BASECLIENTS!$A:$A,$J8)="","",INDEX(BASECLIENTS!$A:$A,$J8))) -> REMPLACÉE | B8: =IF($J8="","",IF(INDEX(BASECLIENTS!$C:$C,$J8)="","",INDEX(BASECLIENTS!$C:$C,$J8))) -> REMPLACÉE | C8: =IF($J8="","",IF(INDEX(BASECLIENTS!$B:$B,$J8)="","",INDEX(BASECLIENTS!$B:$B,$J8))) -> REMPLACÉE | D8: =IF($J8="","",IF(INDEX(BASECLIENTS!$D:$D,$J8)="","",INDEX(BASECLIENTS!$D:$D,$J8))) -> REMPLACÉE | E8: =IF($J8="","",IF(INDEX(BASECLIENTS!$K:$K,$J8)="","",INDEX(BASECLIENTS!$K:$K,$J8))) -> REMPLACÉE | F8: =IF($J8="","",IF(INDEX(BASECLIENTS!$L:$L,$J8)="","",INDEX(BASECLIENTS!$L:$L,$J8))) -> REMPLACÉE | G8: =IF($J8="","",IF(INDEX(BASECLIENTS!$M:$M,$J8)="","",INDEX(BASECLIENTS!$M:$M,$J8))) -> REMPLACÉE | I8: =IF(AND(INDEX(BASECLIENTS!$B:$B,ROW()-1)<>"",LEFT(INDEX(BASECLIENTS!$B:$B,ROW()-1),7)<>"EXEMPLE",OR(INDEX(BASECLIENTS!$E:$E,ROW()-1)=TRUE,INDEX(BASECLIENTS!$I:$I,ROW()-1)=TRUE,INDEX(BASECLIENTS!$E:$E,ROW()-1)="X",INDEX(BASECLIENTS!$I:$I,ROW()-1)="X",INDEX(BASECLIENTS!$E:$E,ROW()-1)="OUI",INDEX(BASECLIENTS!$I:$I,ROW()-1)="OUI")),IF(ISNUMBER(INDEX(BASECLIENTS!$A:$A,ROW()-1)),MOD(INDEX(BASECLIENTS!$A:$A,ROW()-1),1),IFERROR(TIMEVALUE(INDEX(BASECLIENTS!$A:$A,ROW()-1)),1))+ROW()/10000000,"") -> REMPLACÉE | J8: =IFERROR(MATCH(SMALL($I$3:$I$8,ROW()-2),$I$3:$I$8,0)+1,"") -> REMPLACÉE

Sheet VENDREDI
A1: ="VENDREDI"&IF('A SAVOIR'!$D$4="",""," - "&'A SAVOIR'!$D$4) -> VENDREDI
A2: HEURE | B2: CODE CLIENT | C2: NOM CLIENT | D2: VILLE | E2: TÉLÉPHONE | F2: CONSIGNE | G2: COMMENTAIRE | H2: NOTES | I2: CLÉ (calcul) | J2: LIGNE (calcul)
A3: =IF($J3="","",IF(INDEX(BASECLIENTS!$A:$A,$J3)="","",INDEX(BASECLIENTS!$A:$A,$J3))) -> REMPLACÉE | B3: =IF($J3="","",IF(INDEX(BASECLIENTS!$C:$C,$J3)="","",INDEX(BASECLIENTS!$C:$C,$J3))) -> REMPLACÉE | C3: =IF($J3="","",IF(INDEX(BASECLIENTS!$B:$B,$J3)="","",INDEX(BASECLIENTS!$B:$B,$J3))) -> REMPLACÉE | D3: =IF($J3="","",IF(INDEX(BASECLIENTS!$D:$D,$J3)="","",INDEX(BASECLIENTS!$D:$D,$J3))) -> REMPLACÉE | E3: =IF($J3="","",IF(INDEX(BASECLIENTS!$K:$K,$J3)="","",INDEX(BASECLIENTS!$K:$K,$J3))) -> REMPLACÉE | F3: =IF($J3="","",IF(INDEX(BASECLIENTS!$L:$L,$J3)="","",INDEX(BASECLIENTS!$L:$L,$J3))) -> REMPLACÉE | G3: =IF($J3="","",IF(INDEX(BASECLIENTS!$M:$M,$J3)="","",INDEX(BASECLIENTS!$M:$M,$J3))) -> REMPLACÉE | I3: =IF(AND(INDEX(BASECLIENTS!$B:$B,ROW()-1)<>"",LEFT(INDEX(BASECLIENTS!$B:$B,ROW()-1),7)<>"EXEMPLE",OR(INDEX(BASECLIENTS!$E:$E,ROW()-1)=TRUE,INDEX(BASECLIENTS!$J:$J,ROW()-1)=TRUE,INDEX(BASECLIENTS!$E:$E,ROW()-1)="X",INDEX(BASECLIENTS!$J:$J,ROW()-1)="X",INDEX(BASECLIENTS!$E:$E,ROW()-1)="OUI",INDEX(BASECLIENTS!$J:$J,ROW()-1)="OUI")),IF(ISNUMBER(INDEX(BASECLIENTS!$A:$A,ROW()-1)),MOD(INDEX(BASECLIENTS!$A:$A,ROW()-1),1),IFERROR(TIMEVALUE(INDEX(BASECLIENTS!$A:$A,ROW()-1)),1))+ROW()/10000000,"") -> REMPLACÉE | J3: =IFERROR(MATCH(SMALL($I$3:$I$8,ROW()-2),$I$3:$I$8,0)+1,"") -> REMPLACÉE
A4: =IF($J4="","",IF(INDEX(BASECLIENTS!$A:$A,$J4)="","",INDEX(BASECLIENTS!$A:$A,$J4))) -> REMPLACÉE | B4: =IF($J4="","",IF(INDEX(BASECLIENTS!$C:$C,$J4)="","",INDEX(BASECLIENTS!$C:$C,$J4))) -> REMPLACÉE | C4: =IF($J4="","",IF(INDEX(BASECLIENTS!$B:$B,$J4)="","",INDEX(BASECLIENTS!$B:$B,$J4))) -> REMPLACÉE | D4: =IF($J4="","",IF(INDEX(BASECLIENTS!$D:$D,$J4)="","",INDEX(BASECLIENTS!$D:$D,$J4))) -> REMPLACÉE | E4: =IF($J4="","",IF(INDEX(BASECLIENTS!$K:$K,$J4)="","",INDEX(BASECLIENTS!$K:$K,$J4))) -> REMPLACÉE | F4: =IF($J4="","",IF(INDEX(BASECLIENTS!$L:$L,$J4)="","",INDEX(BASECLIENTS!$L:$L,$J4))) -> REMPLACÉE | G4: =IF($J4="","",IF(INDEX(BASECLIENTS!$M:$M,$J4)="","",INDEX(BASECLIENTS!$M:$M,$J4))) -> REMPLACÉE | I4: =IF(AND(INDEX(BASECLIENTS!$B:$B,ROW()-1)<>"",LEFT(INDEX(BASECLIENTS!$B:$B,ROW()-1),7)<>"EXEMPLE",OR(INDEX(BASECLIENTS!$E:$E,ROW()-1)=TRUE,INDEX(BASECLIENTS!$J:$J,ROW()-1)=TRUE,INDEX(BASECLIENTS!$E:$E,ROW()-1)="X",INDEX(BASECLIENTS!$J:$J,ROW()-1)="X",INDEX(BASECLIENTS!$E:$E,ROW()-1)="OUI",INDEX(BASECLIENTS!$J:$J,ROW()-1)="OUI")),IF(ISNUMBER(INDEX(BASECLIENTS!$A:$A,ROW()-1)),MOD(INDEX(BASECLIENTS!$A:$A,ROW()-1),1),IFERROR(TIMEVALUE(INDEX(BASECLIENTS!$A:$A,ROW()-1)),1))+ROW()/10000000,"") -> REMPLACÉE | J4: =IFERROR(MATCH(SMALL($I$3:$I$8,ROW()-2),$I$3:$I$8,0)+1,"") -> REMPLACÉE
A5: =IF($J5="","",IF(INDEX(BASECLIENTS!$A:$A,$J5)="","",INDEX(BASECLIENTS!$A:$A,$J5))) -> REMPLACÉE | B5: =IF($J5="","",IF(INDEX(BASECLIENTS!$C:$C,$J5)="","",INDEX(BASECLIENTS!$C:$C,$J5))) -> REMPLACÉE | C5: =IF($J5="","",IF(INDEX(BASECLIENTS!$B:$B,$J5)="","",INDEX(BASECLIENTS!$B:$B,$J5))) -> REMPLACÉE | D5: =IF($J5="","",IF(INDEX(BASECLIENTS!$D:$D,$J5)="","",INDEX(BASECLIENTS!$D:$D,$J5))) -> REMPLACÉE | E5: =IF($J5="","",IF(INDEX(BASECLIENTS!$K:$K,$J5)="","",INDEX(BASECLIENTS!$K:$K,$J5))) -> REMPLACÉE | F5: =IF($J5="","",IF(INDEX(BASECLIENTS!$L:$L,$J5)="","",INDEX(BASECLIENTS!$L:$L,$J5))) -> REMPLACÉE | G5: =IF($J5="","",IF(INDEX(BASECLIENTS!$M:$M,$J5)="","",INDEX(BASECLIENTS!$M:$M,$J5))) -> REMPLACÉE | I5: =IF(AND(INDEX(BASECLIENTS!$B:$B,ROW()-1)<>"",LEFT(INDEX(BASECLIENTS!$B:$B,ROW()-1),7)<>"EXEMPLE",OR(INDEX(BASECLIENTS!$E:$E,ROW()-1)=TRUE,INDEX(BASECLIENTS!$J:$J,ROW()-1)=TRUE,INDEX(BASECLIENTS!$E:$E,ROW()-1)="X",INDEX(BASECLIENTS!$J:$J,ROW()-1)="X",INDEX(BASECLIENTS!$E:$E,ROW()-1)="OUI",INDEX(BASECLIENTS!$J:$J,ROW()-1)="OUI")),IF(ISNUMBER(INDEX(BASECLIENTS!$A:$A,ROW()-1)),MOD(INDEX(BASECLIENTS!$A:$A,ROW()-1),1),IFERROR(TIMEVALUE(INDEX(BASECLIENTS!$A:$A,ROW()-1)),1))+ROW()/10000000,"") -> REMPLACÉE | J5: =IFERROR(MATCH(SMALL($I$3:$I$8,ROW()-2),$I$3:$I$8,0)+1,"") -> REMPLACÉE
A6: =IF($J6="","",IF(INDEX(BASECLIENTS!$A:$A,$J6)="","",INDEX(BASECLIENTS!$A:$A,$J6))) -> REMPLACÉE | B6: =IF($J6="","",IF(INDEX(BASECLIENTS!$C:$C,$J6)="","",INDEX(BASECLIENTS!$C:$C,$J6))) -> REMPLACÉE | C6: =IF($J6="","",IF(INDEX(BASECLIENTS!$B:$B,$J6)="","",INDEX(BASECLIENTS!$B:$B,$J6))) -> REMPLACÉE | D6: =IF($J6="","",IF(INDEX(BASECLIENTS!$D:$D,$J6)="","",INDEX(BASECLIENTS!$D:$D,$J6))) -> REMPLACÉE | E6: =IF($J6="","",IF(INDEX(BASECLIENTS!$K:$K,$J6)="","",INDEX(BASECLIENTS!$K:$K,$J6))) -> REMPLACÉE | F6: =IF($J6="","",IF(INDEX(BASECLIENTS!$L:$L,$J6)="","",INDEX(BASECLIENTS!$L:$L,$J6))) -> REMPLACÉE | G6: =IF($J6="","",IF(INDEX(BASECLIENTS!$M:$M,$J6)="","",INDEX(BASECLIENTS!$M:$M,$J6))) -> REMPLACÉE | I6: =IF(AND(INDEX(BASECLIENTS!$B:$B,ROW()-1)<>"",LEFT(INDEX(BASECLIENTS!$B:$B,ROW()-1),7)<>"EXEMPLE",OR(INDEX(BASECLIENTS!$E:$E,ROW()-1)=TRUE,INDEX(BASECLIENTS!$J:$J,ROW()-1)=TRUE,INDEX(BASECLIENTS!$E:$E,ROW()-1)="X",INDEX(BASECLIENTS!$J:$J,ROW()-1)="X",INDEX(BASECLIENTS!$E:$E,ROW()-1)="OUI",INDEX(BASECLIENTS!$J:$J,ROW()-1)="OUI")),IF(ISNUMBER(INDEX(BASECLIENTS!$A:$A,ROW()-1)),MOD(INDEX(BASECLIENTS!$A:$A,ROW()-1),1),IFERROR(TIMEVALUE(INDEX(BASECLIENTS!$A:$A,ROW()-1)),1))+ROW()/10000000,"") -> REMPLACÉE | J6: =IFERROR(MATCH(SMALL($I$3:$I$8,ROW()-2),$I$3:$I$8,0)+1,"") -> REMPLACÉE
A7: =IF($J7="","",IF(INDEX(BASECLIENTS!$A:$A,$J7)="","",INDEX(BASECLIENTS!$A:$A,$J7))) -> REMPLACÉE | B7: =IF($J7="","",IF(INDEX(BASECLIENTS!$C:$C,$J7)="","",INDEX(BASECLIENTS!$C:$C,$J7))) -> REMPLACÉE | C7: =IF($J7="","",IF(INDEX(BASECLIENTS!$B:$B,$J7)="","",INDEX(BASECLIENTS!$B:$B,$J7))) -> REMPLACÉE | D7: =IF($J7="","",IF(INDEX(BASECLIENTS!$D:$D,$J7)="","",INDEX(BASECLIENTS!$D:$D,$J7))) -> REMPLACÉE | E7: =IF($J7="","",IF(INDEX(BASECLIENTS!$K:$K,$J7)="","",INDEX(BASECLIENTS!$K:$K,$J7))) -> REMPLACÉE | F7: =IF($J7="","",IF(INDEX(BASECLIENTS!$L:$L,$J7)="","",INDEX(BASECLIENTS!$L:$L,$J7))) -> REMPLACÉE | G7: =IF($J7="","",IF(INDEX(BASECLIENTS!$M:$M,$J7)="","",INDEX(BASECLIENTS!$M:$M,$J7))) -> REMPLACÉE | I7: =IF(AND(INDEX(BASECLIENTS!$B:$B,ROW()-1)<>"",LEFT(INDEX(BASECLIENTS!$B:$B,ROW()-1),7)<>"EXEMPLE",OR(INDEX(BASECLIENTS!$E:$E,ROW()-1)=TRUE,INDEX(BASECLIENTS!$J:$J,ROW()-1)=TRUE,INDEX(BASECLIENTS!$E:$E,ROW()-1)="X",INDEX(BASECLIENTS!$J:$J,ROW()-1)="X",INDEX(BASECLIENTS!$E:$E,ROW()-1)="OUI",INDEX(BASECLIENTS!$J:$J,ROW()-1)="OUI")),IF(ISNUMBER(INDEX(BASECLIENTS!$A:$A,ROW()-1)),MOD(INDEX(BASECLIENTS!$A:$A,ROW()-1),1),IFERROR(TIMEVALUE(INDEX(BASECLIENTS!$A:$A,ROW()-1)),1))+ROW()/10000000,"") -> REMPLACÉE | J7: =IFERROR(MATCH(SMALL($I$3:$I$8,ROW()-2),$I$3:$I$8,0)+1,"") -> REMPLACÉE
A8: =IF($J8="","",IF(INDEX(BASECLIENTS!$A:$A,$J8)="","",INDEX(BASECLIENTS!$A:$A,$J8))) -> REMPLACÉE | B8: =IF($J8="","",IF(INDEX(BASECLIENTS!$C:$C,$J8)="","",INDEX(BASECLIENTS!$C:$C,$J8))) -> REMPLACÉE | C8: =IF($J8="","",IF(INDEX(BASECLIENTS!$B:$B,$J8)="","",INDEX(BASECLIENTS!$B:$B,$J8))) -> REMPLACÉE | D8: =IF($J8="","",IF(INDEX(BASECLIENTS!$D:$D,$J8)="","",INDEX(BASECLIENTS!$D:$D,$J8))) -> REMPLACÉE | E8: =IF($J8="","",IF(INDEX(BASECLIENTS!$K:$K,$J8)="","",INDEX(BASECLIENTS!$K:$K,$J8))) -> REMPLACÉE | F8: =IF($J8="","",IF(INDEX(BASECLIENTS!$L:$L,$J8)="","",INDEX(BASECLIENTS!$L:$L,$J8))) -> REMPLACÉE | G8: =IF($J8="","",IF(INDEX(BASECLIENTS!$M:$M,$J8)="","",INDEX(BASECLIENTS!$M:$M,$J8))) -> REMPLACÉE | I8: =IF(AND(INDEX(BASECLIENTS!$B:$B,ROW()-1)<>"",LEFT(INDEX(BASECLIENTS!$B:$B,ROW()-1),7)<>"EXEMPLE",OR(INDEX(BASECLIENTS!$E:$E,ROW()-1)=TRUE,INDEX(BASECLIENTS!$J:$J,ROW()-1)=TRUE,INDEX(BASECLIENTS!$E:$E,ROW()-1)="X",INDEX(BASECLIENTS!$J:$J,ROW()-1)="X",INDEX(BASECLIENTS!$E:$E,ROW()-1)="OUI",INDEX(BASECLIENTS!$J:$J,ROW()-1)="OUI")),IF(ISNUMBER(INDEX(BASECLIENTS!$A:$A,ROW()-1)),MOD(INDEX(BASECLIENTS!$A:$A,ROW()-1),1),IFERROR(TIMEVALUE(INDEX(BASECLIENTS!$A:$A,ROW()-1)),1))+ROW()/10000000,"") -> REMPLACÉE | J8: =IFERROR(MATCH(SMALL($I$3:$I$8,ROW()-2),$I$3:$I$8,0)+1,"") -> REMPLACÉE

Sheet LISTES
A1: HEURES | B1: CONSIGNES
A2: 0.33333333 | B2: Commande habituelle
A3: 0.34375 | B3: Proposer le Flash
A4: 0.35416667 | B4: Commande par mail / Webstore
A5: 0.36458333 | B5: Demander le chef
A6: 0.375 | B6: Heure impérative
A7: 0.38541667 | B7: Attention impayé
A8: 0.39583333 | B8: Client sensible
A9: 0.40625 | B9: Fermé / saisonnier
A10: 0.41666667 | B10: Ne pas relancer
A11: 0.42708333
A12: 0.4375
A13: 0.44791667
A14: 0.45833333
A15: 0.46875
A16: 0.47916667
A17: 0.48958333
A18: 0.5
A19: 0.51041667
A20: 0.52083333
A21: 0.53125
A22: 0.54166667
... A44: 0.77083333

Sheet TESTS
A1: TEST NUMBERS : tout doit afficher OK
A2: Test | B2: Résultat
A3: 1. Numéro de ligne ROW() | B3: =IF(ROW()=3,"OK","FAUX") -> REMPLACÉE | E3: =IF(1=1,"",0) -> REMPLACÉE
A4: 2. INDEX sur colonne entière | B4: =IF(INDEX(BASECLIENTS!$B:$B,3)="CLIENT A","OK","FAUX") -> REMPLACÉE | E4: 0.5
A5: 3. INDEX + ROW() | B5: =IF(INDEX(BASECLIENTS!$B:$B,ROW()-5+3)="CLIENT A","OK","FAUX") -> REMPLACÉE | E5: 0.2
A6: 4. Lecture d'une heure (09:30) | B6: =IF(ABS(IF(ISNUMBER(BASECLIENTS!$A$3),MOD(BASECLIENTS!$A$3,1),IFERROR(TIMEVALUE(BASECLIENTS!$A$3),1))-9.5/24)<0.0001,"OK","FAUX") -> REMPLACÉE
A7: 5. Heure vide = fin de liste | B7: =IF(IF(ISNUMBER(BASECLIENTS!$A$5),MOD(BASECLIENTS!$A$5,1),IFERROR(TIMEVALUE(BASECLIENTS!$A$5),1))=1,"OK","FAUX") -> REMPLACÉE
A8: 6. Case cochée (VRAI) | B8: =IF(OR(BASECLIENTS!$F$3=TRUE,BASECLIENTS!$F$3="X"),"OK","FAUX") -> REMPLACÉE
A9: 7. Case avec X | B9: =IF(OR(BASECLIENTS!$F$4=TRUE,BASECLIENTS!$F$4="X"),"OK","FAUX") -> REMPLACÉE
A10: 8. Texte LEFT | B10: =IF(LEFT(BASECLIENTS!$B$2,7)="EXEMPLE","OK","FAUX") -> REMPLACÉE
A11: 9. SMALL avec cases vides | B11: =IF(SMALL($E$3:$E$5,1)=0.2,"OK","FAUX") -> REMPLACÉE
A12: 10. MATCH | B12: =IF(MATCH(0.5,$E$3:$E$5,0)=2,"OK","FAUX") -> REMPLACÉE
A13: 11. Titre avec le nom du commercial | B13: =IF(LUNDI!$A$1="LUNDI - Test iPad","OK","FAUX") -> REMPLACÉE
A14: 12. LUNDI ligne 1 = CLIENT B (08:00) | B14: =IF(LUNDI!$C$3="CLIENT B","OK","FAUX") -> REMPLACÉE
A15: 13. LUNDI ligne 2 = CLIENT A (09:30) | B15: =IF(LUNDI!$C$4="CLIENT A","OK","FAUX") -> REMPLACÉE
A16: 14. LUNDI ligne 3 = CLIENT C (sans heure) | B16: =IF(LUNDI!$C$5="CLIENT C","OK","FAUX") -> REMPLACÉE
A17: 15. LUNDI ligne 4 vide (CLIENT D non coché) | B17: =IF(LUNDI!$C$6="","OK","FAUX") -> REMPLACÉE
A19: BILAN | B19: =IF(COUNTIF(B3:B17,"OK")=15,"TOUT OK","PROBLÈME") -> REMPLACÉE
