Workbook

Sheet TESTS
A1: TEST NUMBERS N°2
A3: Test | B3: A : sans tableau | C3: B : tableau renommé | D3: C : avec filtre
A4: Lire une case | B4: =IF(BASE_A!$B$3="CLIENT A","OK","FAUX") -> REMPLACÉE | C4: =IF(BASE_B!$B$3="CLIENT A","OK","FAUX") -> REMPLACÉE | D4: =IF(BASE_C!$B$3="CLIENT A","OK","FAUX") -> REMPLACÉE
A5: INDEX colonne entière | B5: =IF(INDEX(BASE_A!$B:$B,3)="CLIENT A","OK","FAUX") -> REMPLACÉE | C5: =IF(INDEX(BASE_B!$B:$B,3)="CLIENT A","OK","FAUX") -> REMPLACÉE | D5: =IF(INDEX(BASE_C!$B:$B,3)="CLIENT A","OK","FAUX") -> REMPLACÉE
A6: INDEX plage 1:1001 | B6: =IF(INDEX(BASE_A!$B$1:$B$1001,3)="CLIENT A","OK","FAUX") -> REMPLACÉE | C6: =IF(INDEX(BASE_B!$B$1:$B$1001,3)="CLIENT A","OK","FAUX") -> REMPLACÉE | D6: =IF(INDEX(BASE_C!$B$1:$B$1001,3)="CLIENT A","OK","FAUX") -> REMPLACÉE
A7: Lire une heure (09:30) | B7: =IF(ABS(IF(ISNUMBER(BASE_A!$A$3),MOD(BASE_A!$A$3,1),IFERROR(TIMEVALUE(BASE_A!$A$3),1))-9.5/24)<0.0001,"OK","FAUX") -> REMPLACÉE | C7: =IF(ABS(IF(ISNUMBER(BASE_B!$A$3),MOD(BASE_B!$A$3,1),IFERROR(TIMEVALUE(BASE_B!$A$3),1))-9.5/24)<0.0001,"OK","FAUX") -> REMPLACÉE | D7: =IF(ABS(IF(ISNUMBER(BASE_C!$A$3),MOD(BASE_C!$A$3,1),IFERROR(TIMEVALUE(BASE_C!$A$3),1))-9.5/24)<0.0001,"OK","FAUX") -> REMPLACÉE
A8: Heure vide = fin de liste | B8: =IF(IF(ISNUMBER(BASE_A!$A$5),MOD(BASE_A!$A$5,1),IFERROR(TIMEVALUE(BASE_A!$A$5),1))=1,"OK","FAUX") -> REMPLACÉE | C8: =IF(IF(ISNUMBER(BASE_B!$A$5),MOD(BASE_B!$A$5,1),IFERROR(TIMEVALUE(BASE_B!$A$5),1))=1,"OK","FAUX") -> REMPLACÉE | D8: =IF(IF(ISNUMBER(BASE_C!$A$5),MOD(BASE_C!$A$5,1),IFERROR(TIMEVALUE(BASE_C!$A$5),1))=1,"OK","FAUX") -> REMPLACÉE
A9: Case cochée | B9: =IF(OR(BASE_A!$F$3=TRUE,BASE_A!$F$3="X"),"OK","FAUX") -> REMPLACÉE | C9: =IF(OR(BASE_B!$F$3=TRUE,BASE_B!$F$3="X"),"OK","FAUX") -> REMPLACÉE | D9: =IF(OR(BASE_C!$F$3=TRUE,BASE_C!$F$3="X"),"OK","FAUX") -> REMPLACÉE
A10: Case avec X | B10: =IF(OR(BASE_A!$F$4=TRUE,BASE_A!$F$4="X"),"OK","FAUX") -> REMPLACÉE | C10: =IF(OR(BASE_B!$F$4=TRUE,BASE_B!$F$4="X"),"OK","FAUX") -> REMPLACÉE | D10: =IF(OR(BASE_C!$F$4=TRUE,BASE_C!$F$4="X"),"OK","FAUX") -> REMPLACÉE
A11: Liste LUNDI complète (colonnes entières) | B11: =IF(AND(LUNDI_A!$C$3="CLIENT B",LUNDI_A!$C$4="CLIENT A",LUNDI_A!$C$5="CLIENT C",LUNDI_A!$C$6=""),"OK","FAUX") -> REMPLACÉE | C11: =IF(AND(LUNDI_B!$C$3="CLIENT B",LUNDI_B!$C$4="CLIENT A",LUNDI_B!$C$5="CLIENT C",LUNDI_B!$C$6=""),"OK","FAUX") -> REMPLACÉE | D11: =IF(AND(LUNDI_C!$C$3="CLIENT B",LUNDI_C!$C$4="CLIENT A",LUNDI_C!$C$5="CLIENT C",LUNDI_C!$C$6=""),"OK","FAUX") -> REMPLACÉE
A12: Liste LUNDI complète (plages 1:1001) | B12: =IF(AND(LUNDI_A2!$C$3="CLIENT B",LUNDI_A2!$C$4="CLIENT A",LUNDI_A2!$C$5="CLIENT C",LUNDI_A2!$C$6=""),"OK","FAUX") -> REMPLACÉE

Sheet BASE_A
A1: HEURE | B1: NOM | C1: CODE | D1: VILLE | E1: TOUS | F1: LUNDI
A2: 0.35416667 | B2: EXEMPLE - NE PAS SUPPRIMER | C2: 0 | D2: V | F2: TRUE
A3: 0.39583333 | B3: CLIENT A | C3: 1 | D3: V | F3: TRUE
A4: 0.33333333 | B4: CLIENT B | C4: 2 | D4: V | F4: X
B5: CLIENT C | C5: 3 | D5: V | F5: TRUE
A6: 0.41666667 | B6: CLIENT D | C6: 4 | D6: V

Sheet BASE_B
A1: HEURE | B1: NOM | C1: CODE | D1: VILLE | E1: TOUS | F1: LUNDI
A2: 0.35416667 | B2: EXEMPLE - NE PAS SUPPRIMER | C2: 0 | D2: V | F2: TRUE
A3: 0.39583333 | B3: CLIENT A | C3: 1 | D3: V | F3: TRUE
A4: 0.33333333 | B4: CLIENT B | C4: 2 | D4: V | F4: X
B5: CLIENT C | C5: 3 | D5: V | F5: TRUE
A6: 0.41666667 | B6: CLIENT D | C6: 4 | D6: V

Sheet BASE_C
A1: HEURE | B1: NOM | C1: CODE | D1: VILLE | E1: TOUS | F1: LUNDI
A2: 0.35416667 | B2: EXEMPLE - NE PAS SUPPRIMER | C2: 0 | D2: V | F2: TRUE
A3: 0.39583333 | B3: CLIENT A | C3: 1 | D3: V | F3: TRUE
A4: 0.33333333 | B4: CLIENT B | C4: 2 | D4: V | F4: X
B5: CLIENT C | C5: 3 | D5: V | F5: TRUE
A6: 0.41666667 | B6: CLIENT D | C6: 4 | D6: V

Sheet LUNDI_A
A1: Liste LUNDI depuis BASE_A (colonnes entières)
A2: HEURE | B2: CODE | C2: NOM | I2: CLÉ | J2: LIGNE
A3: =IF($J3="","",IF(INDEX(BASE_A!$A:$A,$J3)="","",INDEX(BASE_A!$A:$A,$J3))) -> REMPLACÉE | B3: =IF($J3="","",IF(INDEX(BASE_A!$C:$C,$J3)="","",INDEX(BASE_A!$C:$C,$J3))) -> REMPLACÉE | C3: =IF($J3="","",IF(INDEX(BASE_A!$B:$B,$J3)="","",INDEX(BASE_A!$B:$B,$J3))) -> REMPLACÉE | I3: =IF(AND(INDEX(BASE_A!$B:$B,ROW()-1)<>"",LEFT(INDEX(BASE_A!$B:$B,ROW()-1),7)<>"EXEMPLE",OR(INDEX(BASE_A!$E:$E,ROW()-1)=TRUE,INDEX(BASE_A!$F:$F,ROW()-1)=TRUE,INDEX(BASE_A!$E:$E,ROW()-1)="X",INDEX(BASE_A!$F:$F,ROW()-1)="X",INDEX(BASE_A!$E:$E,ROW()-1)="OUI",INDEX(BASE_A!$F:$F,ROW()-1)="OUI")),IF(ISNUMBER(INDEX(BASE_A!$A:$A,ROW()-1)),MOD(INDEX(BASE_A!$A:$A,ROW()-1),1),IFERROR(TIMEVALUE(INDEX(BASE_A!$A:$A,ROW()-1)),1))+ROW()/10000000,"") -> REMPLACÉE | J3: =IFERROR(MATCH(SMALL($I$3:$I$8,ROW()-2),$I$3:$I$8,0)+1,"") -> REMPLACÉE
A4: =IF($J4="","",IF(INDEX(BASE_A!$A:$A,$J4)="","",INDEX(BASE_A!$A:$A,$J4))) -> REMPLACÉE | B4: =IF($J4="","",IF(INDEX(BASE_A!$C:$C,$J4)="","",INDEX(BASE_A!$C:$C,$J4))) -> REMPLACÉE | C4: =IF($J4="","",IF(INDEX(BASE_A!$B:$B,$J4)="","",INDEX(BASE_A!$B:$B,$J4))) -> REMPLACÉE | I4: =IF(AND(INDEX(BASE_A!$B:$B,ROW()-1)<>"",LEFT(INDEX(BASE_A!$B:$B,ROW()-1),7)<>"EXEMPLE",OR(INDEX(BASE_A!$E:$E,ROW()-1)=TRUE,INDEX(BASE_A!$F:$F,ROW()-1)=TRUE,INDEX(BASE_A!$E:$E,ROW()-1)="X",INDEX(BASE_A!$F:$F,ROW()-1)="X",INDEX(BASE_A!$E:$E,ROW()-1)="OUI",INDEX(BASE_A!$F:$F,ROW()-1)="OUI")),IF(ISNUMBER(INDEX(BASE_A!$A:$A,ROW()-1)),MOD(INDEX(BASE_A!$A:$A,ROW()-1),1),IFERROR(TIMEVALUE(INDEX(BASE_A!$A:$A,ROW()-1)),1))+ROW()/10000000,"") -> REMPLACÉE | J4: =IFERROR(MATCH(SMALL($I$3:$I$8,ROW()-2),$I$3:$I$8,0)+1,"") -> REMPLACÉE
A5: =IF($J5="","",IF(INDEX(BASE_A!$A:$A,$J5)="","",INDEX(BASE_A!$A:$A,$J5))) -> REMPLACÉE | B5: =IF($J5="","",IF(INDEX(BASE_A!$C:$C,$J5)="","",INDEX(BASE_A!$C:$C,$J5))) -> REMPLACÉE | C5: =IF($J5="","",IF(INDEX(BASE_A!$B:$B,$J5)="","",INDEX(BASE_A!$B:$B,$J5))) -> REMPLACÉE | I5: =IF(AND(INDEX(BASE_A!$B:$B,ROW()-1)<>"",LEFT(INDEX(BASE_A!$B:$B,ROW()-1),7)<>"EXEMPLE",OR(INDEX(BASE_A!$E:$E,ROW()-1)=TRUE,INDEX(BASE_A!$F:$F,ROW()-1)=TRUE,INDEX(BASE_A!$E:$E,ROW()-1)="X",INDEX(BASE_A!$F:$F,ROW()-1)="X",INDEX(BASE_A!$E:$E,ROW()-1)="OUI",INDEX(BASE_A!$F:$F,ROW()-1)="OUI")),IF(ISNUMBER(INDEX(BASE_A!$A:$A,ROW()-1)),MOD(INDEX(BASE_A!$A:$A,ROW()-1),1),IFERROR(TIMEVALUE(INDEX(BASE_A!$A:$A,ROW()-1)),1))+ROW()/10000000,"") -> REMPLACÉE | J5: =IFERROR(MATCH(SMALL($I$3:$I$8,ROW()-2),$I$3:$I$8,0)+1,"") -> REMPLACÉE
A6: =IF($J6="","",IF(INDEX(BASE_A!$A:$A,$J6)="","",INDEX(BASE_A!$A:$A,$J6))) -> REMPLACÉE | B6: =IF($J6="","",IF(INDEX(BASE_A!$C:$C,$J6)="","",INDEX(BASE_A!$C:$C,$J6))) -> REMPLACÉE | C6: =IF($J6="","",IF(INDEX(BASE_A!$B:$B,$J6)="","",INDEX(BASE_A!$B:$B,$J6))) -> REMPLACÉE | I6: =IF(AND(INDEX(BASE_A!$B:$B,ROW()-1)<>"",LEFT(INDEX(BASE_A!$B:$B,ROW()-1),7)<>"EXEMPLE",OR(INDEX(BASE_A!$E:$E,ROW()-1)=TRUE,INDEX(BASE_A!$F:$F,ROW()-1)=TRUE,INDEX(BASE_A!$E:$E,ROW()-1)="X",INDEX(BASE_A!$F:$F,ROW()-1)="X",INDEX(BASE_A!$E:$E,ROW()-1)="OUI",INDEX(BASE_A!$F:$F,ROW()-1)="OUI")),IF(ISNUMBER(INDEX(BASE_A!$A:$A,ROW()-1)),MOD(INDEX(BASE_A!$A:$A,ROW()-1),1),IFERROR(TIMEVALUE(INDEX(BASE_A!$A:$A,ROW()-1)),1))+ROW()/10000000,"") -> REMPLACÉE | J6: =IFERROR(MATCH(SMALL($I$3:$I$8,ROW()-2),$I$3:$I$8,0)+1,"") -> REMPLACÉE
A7: =IF($J7="","",IF(INDEX(BASE_A!$A:$A,$J7)="","",INDEX(BASE_A!$A:$A,$J7))) -> REMPLACÉE | B7: =IF($J7="","",IF(INDEX(BASE_A!$C:$C,$J7)="","",INDEX(BASE_A!$C:$C,$J7))) -> REMPLACÉE | C7: =IF($J7="","",IF(INDEX(BASE_A!$B:$B,$J7)="","",INDEX(BASE_A!$B:$B,$J7))) -> REMPLACÉE | I7: =IF(AND(INDEX(BASE_A!$B:$B,ROW()-1)<>"",LEFT(INDEX(BASE_A!$B:$B,ROW()-1),7)<>"EXEMPLE",OR(INDEX(BASE_A!$E:$E,ROW()-1)=TRUE,INDEX(BASE_A!$F:$F,ROW()-1)=TRUE,INDEX(BASE_A!$E:$E,ROW()-1)="X",INDEX(BASE_A!$F:$F,ROW()-1)="X",INDEX(BASE_A!$E:$E,ROW()-1)="OUI",INDEX(BASE_A!$F:$F,ROW()-1)="OUI")),IF(ISNUMBER(INDEX(BASE_A!$A:$A,ROW()-1)),MOD(INDEX(BASE_A!$A:$A,ROW()-1),1),IFERROR(TIMEVALUE(INDEX(BASE_A!$A:$A,ROW()-1)),1))+ROW()/10000000,"") -> REMPLACÉE | J7: =IFERROR(MATCH(SMALL($I$3:$I$8,ROW()-2),$I$3:$I$8,0)+1,"") -> REMPLACÉE
A8: =IF($J8="","",IF(INDEX(BASE_A!$A:$A,$J8)="","",INDEX(BASE_A!$A:$A,$J8))) -> REMPLACÉE | B8: =IF($J8="","",IF(INDEX(BASE_A!$C:$C,$J8)="","",INDEX(BASE_A!$C:$C,$J8))) -> REMPLACÉE | C8: =IF($J8="","",IF(INDEX(BASE_A!$B:$B,$J8)="","",INDEX(BASE_A!$B:$B,$J8))) -> REMPLACÉE | I8: =IF(AND(INDEX(BASE_A!$B:$B,ROW()-1)<>"",LEFT(INDEX(BASE_A!$B:$B,ROW()-1),7)<>"EXEMPLE",OR(INDEX(BASE_A!$E:$E,ROW()-1)=TRUE,INDEX(BASE_A!$F:$F,ROW()-1)=TRUE,INDEX(BASE_A!$E:$E,ROW()-1)="X",INDEX(BASE_A!$F:$F,ROW()-1)="X",INDEX(BASE_A!$E:$E,ROW()-1)="OUI",INDEX(BASE_A!$F:$F,ROW()-1)="OUI")),IF(ISNUMBER(INDEX(BASE_A!$A:$A,ROW()-1)),MOD(INDEX(BASE_A!$A:$A,ROW()-1),1),IFERROR(TIMEVALUE(INDEX(BASE_A!$A:$A,ROW()-1)),1))+ROW()/10000000,"") -> REMPLACÉE | J8: =IFERROR(MATCH(SMALL($I$3:$I$8,ROW()-2),$I$3:$I$8,0)+1,"") -> REMPLACÉE

Sheet LUNDI_A2
A1: Liste LUNDI depuis BASE_A (plages 1:1001)
A2: HEURE | B2: CODE | C2: NOM | I2: CLÉ | J2: LIGNE
A3: =IF($J3="","",IF(INDEX(BASE_A!$A$1:$A$1001,$J3)="","",INDEX(BASE_A!$A$1:$A$1001,$J3))) -> REMPLACÉE | B3: =IF($J3="","",IF(INDEX(BASE_A!$C$1:$C$1001,$J3)="","",INDEX(BASE_A!$C$1:$C$1001,$J3))) -> REMPLACÉE | C3: =IF($J3="","",IF(INDEX(BASE_A!$B$1:$B$1001,$J3)="","",INDEX(BASE_A!$B$1:$B$1001,$J3))) -> REMPLACÉE | I3: =IF(AND(INDEX(BASE_A!$B$1:$B$1001,ROW()-1)<>"",LEFT(INDEX(BASE_A!$B$1:$B$1001,ROW()-1),7)<>"EXEMPLE",OR(INDEX(BASE_A!$E$1:$E$1001,ROW()-1)=TRUE,INDEX(BASE_A!$F$1:$F$1001,ROW()-1)=TRUE,INDEX(BASE_A!$E$1:$E$1001,ROW()-1)="X",INDEX(BASE_A!$F$1:$F$1001,ROW()-1)="X",INDEX(BASE_A!$E$1:$E$1001,ROW()-1)="OUI",INDEX(BASE_A!$F$1:$F$1001,ROW()-1)="OUI")),IF(ISNUMBER(INDEX(BASE_A!$A$1:$A$1001,ROW()-1)),MOD(INDEX(BASE_A!$A$1:$A$1001,ROW()-1),1),IFERROR(TIMEVALUE(INDEX(BASE_A!$A$1:$A$1001,ROW()-1)),1))+ROW()/10000000,"") -> REMPLACÉE | J3: =IFERROR(MATCH(SMALL($I$3:$I$8,ROW()-2),$I$3:$I$8,0)+1,"") -> REMPLACÉE
A4: =IF($J4="","",IF(INDEX(BASE_A!$A$1:$A$1001,$J4)="","",INDEX(BASE_A!$A$1:$A$1001,$J4))) -> REMPLACÉE | B4: =IF($J4="","",IF(INDEX(BASE_A!$C$1:$C$1001,$J4)="","",INDEX(BASE_A!$C$1:$C$1001,$J4))) -> REMPLACÉE | C4: =IF($J4="","",IF(INDEX(BASE_A!$B$1:$B$1001,$J4)="","",INDEX(BASE_A!$B$1:$B$1001,$J4))) -> REMPLACÉE | I4: =IF(AND(INDEX(BASE_A!$B$1:$B$1001,ROW()-1)<>"",LEFT(INDEX(BASE_A!$B$1:$B$1001,ROW()-1),7)<>"EXEMPLE",OR(INDEX(BASE_A!$E$1:$E$1001,ROW()-1)=TRUE,INDEX(BASE_A!$F$1:$F$1001,ROW()-1)=TRUE,INDEX(BASE_A!$E$1:$E$1001,ROW()-1)="X",INDEX(BASE_A!$F$1:$F$1001,ROW()-1)="X",INDEX(BASE_A!$E$1:$E$1001,ROW()-1)="OUI",INDEX(BASE_A!$F$1:$F$1001,ROW()-1)="OUI")),IF(ISNUMBER(INDEX(BASE_A!$A$1:$A$1001,ROW()-1)),MOD(INDEX(BASE_A!$A$1:$A$1001,ROW()-1),1),IFERROR(TIMEVALUE(INDEX(BASE_A!$A$1:$A$1001,ROW()-1)),1))+ROW()/10000000,"") -> REMPLACÉE | J4: =IFERROR(MATCH(SMALL($I$3:$I$8,ROW()-2),$I$3:$I$8,0)+1,"") -> REMPLACÉE
A5: =IF($J5="","",IF(INDEX(BASE_A!$A$1:$A$1001,$J5)="","",INDEX(BASE_A!$A$1:$A$1001,$J5))) -> REMPLACÉE | B5: =IF($J5="","",IF(INDEX(BASE_A!$C$1:$C$1001,$J5)="","",INDEX(BASE_A!$C$1:$C$1001,$J5))) -> REMPLACÉE | C5: =IF($J5="","",IF(INDEX(BASE_A!$B$1:$B$1001,$J5)="","",INDEX(BASE_A!$B$1:$B$1001,$J5))) -> REMPLACÉE | I5: =IF(AND(INDEX(BASE_A!$B$1:$B$1001,ROW()-1)<>"",LEFT(INDEX(BASE_A!$B$1:$B$1001,ROW()-1),7)<>"EXEMPLE",OR(INDEX(BASE_A!$E$1:$E$1001,ROW()-1)=TRUE,INDEX(BASE_A!$F$1:$F$1001,ROW()-1)=TRUE,INDEX(BASE_A!$E$1:$E$1001,ROW()-1)="X",INDEX(BASE_A!$F$1:$F$1001,ROW()-1)="X",INDEX(BASE_A!$E$1:$E$1001,ROW()-1)="OUI",INDEX(BASE_A!$F$1:$F$1001,ROW()-1)="OUI")),IF(ISNUMBER(INDEX(BASE_A!$A$1:$A$1001,ROW()-1)),MOD(INDEX(BASE_A!$A$1:$A$1001,ROW()-1),1),IFERROR(TIMEVALUE(INDEX(BASE_A!$A$1:$A$1001,ROW()-1)),1))+ROW()/10000000,"") -> REMPLACÉE | J5: =IFERROR(MATCH(SMALL($I$3:$I$8,ROW()-2),$I$3:$I$8,0)+1,"") -> REMPLACÉE
A6: =IF($J6="","",IF(INDEX(BASE_A!$A$1:$A$1001,$J6)="","",INDEX(BASE_A!$A$1:$A$1001,$J6))) -> REMPLACÉE | B6: =IF($J6="","",IF(INDEX(BASE_A!$C$1:$C$1001,$J6)="","",INDEX(BASE_A!$C$1:$C$1001,$J6))) -> REMPLACÉE | C6: =IF($J6="","",IF(INDEX(BASE_A!$B$1:$B$1001,$J6)="","",INDEX(BASE_A!$B$1:$B$1001,$J6))) -> REMPLACÉE | I6: =IF(AND(INDEX(BASE_A!$B$1:$B$1001,ROW()-1)<>"",LEFT(INDEX(BASE_A!$B$1:$B$1001,ROW()-1),7)<>"EXEMPLE",OR(INDEX(BASE_A!$E$1:$E$1001,ROW()-1)=TRUE,INDEX(BASE_A!$F$1:$F$1001,ROW()-1)=TRUE,INDEX(BASE_A!$E$1:$E$1001,ROW()-1)="X",INDEX(BASE_A!$F$1:$F$1001,ROW()-1)="X",INDEX(BASE_A!$E$1:$E$1001,ROW()-1)="OUI",INDEX(BASE_A!$F$1:$F$1001,ROW()-1)="OUI")),IF(ISNUMBER(INDEX(BASE_A!$A$1:$A$1001,ROW()-1)),MOD(INDEX(BASE_A!$A$1:$A$1001,ROW()-1),1),IFERROR(TIMEVALUE(INDEX(BASE_A!$A$1:$A$1001,ROW()-1)),1))+ROW()/10000000,"") -> REMPLACÉE | J6: =IFERROR(MATCH(SMALL($I$3:$I$8,ROW()-2),$I$3:$I$8,0)+1,"") -> REMPLACÉE
A7: =IF($J7="","",IF(INDEX(BASE_A!$A$1:$A$1001,$J7)="","",INDEX(BASE_A!$A$1:$A$1001,$J7))) -> REMPLACÉE | B7: =IF($J7="","",IF(INDEX(BASE_A!$C$1:$C$1001,$J7)="","",INDEX(BASE_A!$C$1:$C$1001,$J7))) -> REMPLACÉE | C7: =IF($J7="","",IF(INDEX(BASE_A!$B$1:$B$1001,$J7)="","",INDEX(BASE_A!$B$1:$B$1001,$J7))) -> REMPLACÉE | I7: =IF(AND(INDEX(BASE_A!$B$1:$B$1001,ROW()-1)<>"",LEFT(INDEX(BASE_A!$B$1:$B$1001,ROW()-1),7)<>"EXEMPLE",OR(INDEX(BASE_A!$E$1:$E$1001,ROW()-1)=TRUE,INDEX(BASE_A!$F$1:$F$1001,ROW()-1)=TRUE,INDEX(BASE_A!$E$1:$E$1001,ROW()-1)="X",INDEX(BASE_A!$F$1:$F$1001,ROW()-1)="X",INDEX(BASE_A!$E$1:$E$1001,ROW()-1)="OUI",INDEX(BASE_A!$F$1:$F$1001,ROW()-1)="OUI")),IF(ISNUMBER(INDEX(BASE_A!$A$1:$A$1001,ROW()-1)),MOD(INDEX(BASE_A!$A$1:$A$1001,ROW()-1),1),IFERROR(TIMEVALUE(INDEX(BASE_A!$A$1:$A$1001,ROW()-1)),1))+ROW()/10000000,"") -> REMPLACÉE | J7: =IFERROR(MATCH(SMALL($I$3:$I$8,ROW()-2),$I$3:$I$8,0)+1,"") -> REMPLACÉE
A8: =IF($J8="","",IF(INDEX(BASE_A!$A$1:$A$1001,$J8)="","",INDEX(BASE_A!$A$1:$A$1001,$J8))) -> REMPLACÉE | B8: =IF($J8="","",IF(INDEX(BASE_A!$C$1:$C$1001,$J8)="","",INDEX(BASE_A!$C$1:$C$1001,$J8))) -> REMPLACÉE | C8: =IF($J8="","",IF(INDEX(BASE_A!$B$1:$B$1001,$J8)="","",INDEX(BASE_A!$B$1:$B$1001,$J8))) -> REMPLACÉE | I8: =IF(AND(INDEX(BASE_A!$B$1:$B$1001,ROW()-1)<>"",LEFT(INDEX(BASE_A!$B$1:$B$1001,ROW()-1),7)<>"EXEMPLE",OR(INDEX(BASE_A!$E$1:$E$1001,ROW()-1)=TRUE,INDEX(BASE_A!$F$1:$F$1001,ROW()-1)=TRUE,INDEX(BASE_A!$E$1:$E$1001,ROW()-1)="X",INDEX(BASE_A!$F$1:$F$1001,ROW()-1)="X",INDEX(BASE_A!$E$1:$E$1001,ROW()-1)="OUI",INDEX(BASE_A!$F$1:$F$1001,ROW()-1)="OUI")),IF(ISNUMBER(INDEX(BASE_A!$A$1:$A$1001,ROW()-1)),MOD(INDEX(BASE_A!$A$1:$A$1001,ROW()-1),1),IFERROR(TIMEVALUE(INDEX(BASE_A!$A$1:$A$1001,ROW()-1)),1))+ROW()/10000000,"") -> REMPLACÉE | J8: =IFERROR(MATCH(SMALL($I$3:$I$8,ROW()-2),$I$3:$I$8,0)+1,"") -> REMPLACÉE

Sheet LUNDI_B
A1: Liste LUNDI depuis BASE_B (colonnes entières)
A2: HEURE | B2: CODE | C2: NOM | I2: CLÉ | J2: LIGNE
A3: =IF($J3="","",IF(INDEX(BASE_B!$A:$A,$J3)="","",INDEX(BASE_B!$A:$A,$J3))) -> REMPLACÉE | B3: =IF($J3="","",IF(INDEX(BASE_B!$C:$C,$J3)="","",INDEX(BASE_B!$C:$C,$J3))) -> REMPLACÉE | C3: =IF($J3="","",IF(INDEX(BASE_B!$B:$B,$J3)="","",INDEX(BASE_B!$B:$B,$J3))) -> REMPLACÉE | I3: =IF(AND(INDEX(BASE_B!$B:$B,ROW()-1)<>"",LEFT(INDEX(BASE_B!$B:$B,ROW()-1),7)<>"EXEMPLE",OR(INDEX(BASE_B!$E:$E,ROW()-1)=TRUE,INDEX(BASE_B!$F:$F,ROW()-1)=TRUE,INDEX(BASE_B!$E:$E,ROW()-1)="X",INDEX(BASE_B!$F:$F,ROW()-1)="X",INDEX(BASE_B!$E:$E,ROW()-1)="OUI",INDEX(BASE_B!$F:$F,ROW()-1)="OUI")),IF(ISNUMBER(INDEX(BASE_B!$A:$A,ROW()-1)),MOD(INDEX(BASE_B!$A:$A,ROW()-1),1),IFERROR(TIMEVALUE(INDEX(BASE_B!$A:$A,ROW()-1)),1))+ROW()/10000000,"") -> REMPLACÉE | J3: =IFERROR(MATCH(SMALL($I$3:$I$8,ROW()-2),$I$3:$I$8,0)+1,"") -> REMPLACÉE
A4: =IF($J4="","",IF(INDEX(BASE_B!$A:$A,$J4)="","",INDEX(BASE_B!$A:$A,$J4))) -> REMPLACÉE | B4: =IF($J4="","",IF(INDEX(BASE_B!$C:$C,$J4)="","",INDEX(BASE_B!$C:$C,$J4))) -> REMPLACÉE | C4: =IF($J4="","",IF(INDEX(BASE_B!$B:$B,$J4)="","",INDEX(BASE_B!$B:$B,$J4))) -> REMPLACÉE | I4: =IF(AND(INDEX(BASE_B!$B:$B,ROW()-1)<>"",LEFT(INDEX(BASE_B!$B:$B,ROW()-1),7)<>"EXEMPLE",OR(INDEX(BASE_B!$E:$E,ROW()-1)=TRUE,INDEX(BASE_B!$F:$F,ROW()-1)=TRUE,INDEX(BASE_B!$E:$E,ROW()-1)="X",INDEX(BASE_B!$F:$F,ROW()-1)="X",INDEX(BASE_B!$E:$E,ROW()-1)="OUI",INDEX(BASE_B!$F:$F,ROW()-1)="OUI")),IF(ISNUMBER(INDEX(BASE_B!$A:$A,ROW()-1)),MOD(INDEX(BASE_B!$A:$A,ROW()-1),1),IFERROR(TIMEVALUE(INDEX(BASE_B!$A:$A,ROW()-1)),1))+ROW()/10000000,"") -> REMPLACÉE | J4: =IFERROR(MATCH(SMALL($I$3:$I$8,ROW()-2),$I$3:$I$8,0)+1,"") -> REMPLACÉE
A5: =IF($J5="","",IF(INDEX(BASE_B!$A:$A,$J5)="","",INDEX(BASE_B!$A:$A,$J5))) -> REMPLACÉE | B5: =IF($J5="","",IF(INDEX(BASE_B!$C:$C,$J5)="","",INDEX(BASE_B!$C:$C,$J5))) -> REMPLACÉE | C5: =IF($J5="","",IF(INDEX(BASE_B!$B:$B,$J5)="","",INDEX(BASE_B!$B:$B,$J5))) -> REMPLACÉE | I5: =IF(AND(INDEX(BASE_B!$B:$B,ROW()-1)<>"",LEFT(INDEX(BASE_B!$B:$B,ROW()-1),7)<>"EXEMPLE",OR(INDEX(BASE_B!$E:$E,ROW()-1)=TRUE,INDEX(BASE_B!$F:$F,ROW()-1)=TRUE,INDEX(BASE_B!$E:$E,ROW()-1)="X",INDEX(BASE_B!$F:$F,ROW()-1)="X",INDEX(BASE_B!$E:$E,ROW()-1)="OUI",INDEX(BASE_B!$F:$F,ROW()-1)="OUI")),IF(ISNUMBER(INDEX(BASE_B!$A:$A,ROW()-1)),MOD(INDEX(BASE_B!$A:$A,ROW()-1),1),IFERROR(TIMEVALUE(INDEX(BASE_B!$A:$A,ROW()-1)),1))+ROW()/10000000,"") -> REMPLACÉE | J5: =IFERROR(MATCH(SMALL($I$3:$I$8,ROW()-2),$I$3:$I$8,0)+1,"") -> REMPLACÉE
A6: =IF($J6="","",IF(INDEX(BASE_B!$A:$A,$J6)="","",INDEX(BASE_B!$A:$A,$J6))) -> REMPLACÉE | B6: =IF($J6="","",IF(INDEX(BASE_B!$C:$C,$J6)="","",INDEX(BASE_B!$C:$C,$J6))) -> REMPLACÉE | C6: =IF($J6="","",IF(INDEX(BASE_B!$B:$B,$J6)="","",INDEX(BASE_B!$B:$B,$J6))) -> REMPLACÉE | I6: =IF(AND(INDEX(BASE_B!$B:$B,ROW()-1)<>"",LEFT(INDEX(BASE_B!$B:$B,ROW()-1),7)<>"EXEMPLE",OR(INDEX(BASE_B!$E:$E,ROW()-1)=TRUE,INDEX(BASE_B!$F:$F,ROW()-1)=TRUE,INDEX(BASE_B!$E:$E,ROW()-1)="X",INDEX(BASE_B!$F:$F,ROW()-1)="X",INDEX(BASE_B!$E:$E,ROW()-1)="OUI",INDEX(BASE_B!$F:$F,ROW()-1)="OUI")),IF(ISNUMBER(INDEX(BASE_B!$A:$A,ROW()-1)),MOD(INDEX(BASE_B!$A:$A,ROW()-1),1),IFERROR(TIMEVALUE(INDEX(BASE_B!$A:$A,ROW()-1)),1))+ROW()/10000000,"") -> REMPLACÉE | J6: =IFERROR(MATCH(SMALL($I$3:$I$8,ROW()-2),$I$3:$I$8,0)+1,"") -> REMPLACÉE
A7: =IF($J7="","",IF(INDEX(BASE_B!$A:$A,$J7)="","",INDEX(BASE_B!$A:$A,$J7))) -> REMPLACÉE | B7: =IF($J7="","",IF(INDEX(BASE_B!$C:$C,$J7)="","",INDEX(BASE_B!$C:$C,$J7))) -> REMPLACÉE | C7: =IF($J7="","",IF(INDEX(BASE_B!$B:$B,$J7)="","",INDEX(BASE_B!$B:$B,$J7))) -> REMPLACÉE | I7: =IF(AND(INDEX(BASE_B!$B:$B,ROW()-1)<>"",LEFT(INDEX(BASE_B!$B:$B,ROW()-1),7)<>"EXEMPLE",OR(INDEX(BASE_B!$E:$E,ROW()-1)=TRUE,INDEX(BASE_B!$F:$F,ROW()-1)=TRUE,INDEX(BASE_B!$E:$E,ROW()-1)="X",INDEX(BASE_B!$F:$F,ROW()-1)="X",INDEX(BASE_B!$E:$E,ROW()-1)="OUI",INDEX(BASE_B!$F:$F,ROW()-1)="OUI")),IF(ISNUMBER(INDEX(BASE_B!$A:$A,ROW()-1)),MOD(INDEX(BASE_B!$A:$A,ROW()-1),1),IFERROR(TIMEVALUE(INDEX(BASE_B!$A:$A,ROW()-1)),1))+ROW()/10000000,"") -> REMPLACÉE | J7: =IFERROR(MATCH(SMALL($I$3:$I$8,ROW()-2),$I$3:$I$8,0)+1,"") -> REMPLACÉE
A8: =IF($J8="","",IF(INDEX(BASE_B!$A:$A,$J8)="","",INDEX(BASE_B!$A:$A,$J8))) -> REMPLACÉE | B8: =IF($J8="","",IF(INDEX(BASE_B!$C:$C,$J8)="","",INDEX(BASE_B!$C:$C,$J8))) -> REMPLACÉE | C8: =IF($J8="","",IF(INDEX(BASE_B!$B:$B,$J8)="","",INDEX(BASE_B!$B:$B,$J8))) -> REMPLACÉE | I8: =IF(AND(INDEX(BASE_B!$B:$B,ROW()-1)<>"",LEFT(INDEX(BASE_B!$B:$B,ROW()-1),7)<>"EXEMPLE",OR(INDEX(BASE_B!$E:$E,ROW()-1)=TRUE,INDEX(BASE_B!$F:$F,ROW()-1)=TRUE,INDEX(BASE_B!$E:$E,ROW()-1)="X",INDEX(BASE_B!$F:$F,ROW()-1)="X",INDEX(BASE_B!$E:$E,ROW()-1)="OUI",INDEX(BASE_B!$F:$F,ROW()-1)="OUI")),IF(ISNUMBER(INDEX(BASE_B!$A:$A,ROW()-1)),MOD(INDEX(BASE_B!$A:$A,ROW()-1),1),IFERROR(TIMEVALUE(INDEX(BASE_B!$A:$A,ROW()-1)),1))+ROW()/10000000,"") -> REMPLACÉE | J8: =IFERROR(MATCH(SMALL($I$3:$I$8,ROW()-2),$I$3:$I$8,0)+1,"") -> REMPLACÉE

Sheet LUNDI_C
A1: Liste LUNDI depuis BASE_C (colonnes entières)
A2: HEURE | B2: CODE | C2: NOM | I2: CLÉ | J2: LIGNE
A3: =IF($J3="","",IF(INDEX(BASE_C!$A:$A,$J3)="","",INDEX(BASE_C!$A:$A,$J3))) -> REMPLACÉE | B3: =IF($J3="","",IF(INDEX(BASE_C!$C:$C,$J3)="","",INDEX(BASE_C!$C:$C,$J3))) -> REMPLACÉE | C3: =IF($J3="","",IF(INDEX(BASE_C!$B:$B,$J3)="","",INDEX(BASE_C!$B:$B,$J3))) -> REMPLACÉE | I3: =IF(AND(INDEX(BASE_C!$B:$B,ROW()-1)<>"",LEFT(INDEX(BASE_C!$B:$B,ROW()-1),7)<>"EXEMPLE",OR(INDEX(BASE_C!$E:$E,ROW()-1)=TRUE,INDEX(BASE_C!$F:$F,ROW()-1)=TRUE,INDEX(BASE_C!$E:$E,ROW()-1)="X",INDEX(BASE_C!$F:$F,ROW()-1)="X",INDEX(BASE_C!$E:$E,ROW()-1)="OUI",INDEX(BASE_C!$F:$F,ROW()-1)="OUI")),IF(ISNUMBER(INDEX(BASE_C!$A:$A,ROW()-1)),MOD(INDEX(BASE_C!$A:$A,ROW()-1),1),IFERROR(TIMEVALUE(INDEX(BASE_C!$A:$A,ROW()-1)),1))+ROW()/10000000,"") -> REMPLACÉE | J3: =IFERROR(MATCH(SMALL($I$3:$I$8,ROW()-2),$I$3:$I$8,0)+1,"") -> REMPLACÉE
A4: =IF($J4="","",IF(INDEX(BASE_C!$A:$A,$J4)="","",INDEX(BASE_C!$A:$A,$J4))) -> REMPLACÉE | B4: =IF($J4="","",IF(INDEX(BASE_C!$C:$C,$J4)="","",INDEX(BASE_C!$C:$C,$J4))) -> REMPLACÉE | C4: =IF($J4="","",IF(INDEX(BASE_C!$B:$B,$J4)="","",INDEX(BASE_C!$B:$B,$J4))) -> REMPLACÉE | I4: =IF(AND(INDEX(BASE_C!$B:$B,ROW()-1)<>"",LEFT(INDEX(BASE_C!$B:$B,ROW()-1),7)<>"EXEMPLE",OR(INDEX(BASE_C!$E:$E,ROW()-1)=TRUE,INDEX(BASE_C!$F:$F,ROW()-1)=TRUE,INDEX(BASE_C!$E:$E,ROW()-1)="X",INDEX(BASE_C!$F:$F,ROW()-1)="X",INDEX(BASE_C!$E:$E,ROW()-1)="OUI",INDEX(BASE_C!$F:$F,ROW()-1)="OUI")),IF(ISNUMBER(INDEX(BASE_C!$A:$A,ROW()-1)),MOD(INDEX(BASE_C!$A:$A,ROW()-1),1),IFERROR(TIMEVALUE(INDEX(BASE_C!$A:$A,ROW()-1)),1))+ROW()/10000000,"") -> REMPLACÉE | J4: =IFERROR(MATCH(SMALL($I$3:$I$8,ROW()-2),$I$3:$I$8,0)+1,"") -> REMPLACÉE
A5: =IF($J5="","",IF(INDEX(BASE_C!$A:$A,$J5)="","",INDEX(BASE_C!$A:$A,$J5))) -> REMPLACÉE | B5: =IF($J5="","",IF(INDEX(BASE_C!$C:$C,$J5)="","",INDEX(BASE_C!$C:$C,$J5))) -> REMPLACÉE | C5: =IF($J5="","",IF(INDEX(BASE_C!$B:$B,$J5)="","",INDEX(BASE_C!$B:$B,$J5))) -> REMPLACÉE | I5: =IF(AND(INDEX(BASE_C!$B:$B,ROW()-1)<>"",LEFT(INDEX(BASE_C!$B:$B,ROW()-1),7)<>"EXEMPLE",OR(INDEX(BASE_C!$E:$E,ROW()-1)=TRUE,INDEX(BASE_C!$F:$F,ROW()-1)=TRUE,INDEX(BASE_C!$E:$E,ROW()-1)="X",INDEX(BASE_C!$F:$F,ROW()-1)="X",INDEX(BASE_C!$E:$E,ROW()-1)="OUI",INDEX(BASE_C!$F:$F,ROW()-1)="OUI")),IF(ISNUMBER(INDEX(BASE_C!$A:$A,ROW()-1)),MOD(INDEX(BASE_C!$A:$A,ROW()-1),1),IFERROR(TIMEVALUE(INDEX(BASE_C!$A:$A,ROW()-1)),1))+ROW()/10000000,"") -> REMPLACÉE | J5: =IFERROR(MATCH(SMALL($I$3:$I$8,ROW()-2),$I$3:$I$8,0)+1,"") -> REMPLACÉE
A6: =IF($J6="","",IF(INDEX(BASE_C!$A:$A,$J6)="","",INDEX(BASE_C!$A:$A,$J6))) -> REMPLACÉE | B6: =IF($J6="","",IF(INDEX(BASE_C!$C:$C,$J6)="","",INDEX(BASE_C!$C:$C,$J6))) -> REMPLACÉE | C6: =IF($J6="","",IF(INDEX(BASE_C!$B:$B,$J6)="","",INDEX(BASE_C!$B:$B,$J6))) -> REMPLACÉE | I6: =IF(AND(INDEX(BASE_C!$B:$B,ROW()-1)<>"",LEFT(INDEX(BASE_C!$B:$B,ROW()-1),7)<>"EXEMPLE",OR(INDEX(BASE_C!$E:$E,ROW()-1)=TRUE,INDEX(BASE_C!$F:$F,ROW()-1)=TRUE,INDEX(BASE_C!$E:$E,ROW()-1)="X",INDEX(BASE_C!$F:$F,ROW()-1)="X",INDEX(BASE_C!$E:$E,ROW()-1)="OUI",INDEX(BASE_C!$F:$F,ROW()-1)="OUI")),IF(ISNUMBER(INDEX(BASE_C!$A:$A,ROW()-1)),MOD(INDEX(BASE_C!$A:$A,ROW()-1),1),IFERROR(TIMEVALUE(INDEX(BASE_C!$A:$A,ROW()-1)),1))+ROW()/10000000,"") -> REMPLACÉE | J6: =IFERROR(MATCH(SMALL($I$3:$I$8,ROW()-2),$I$3:$I$8,0)+1,"") -> REMPLACÉE
A7: =IF($J7="","",IF(INDEX(BASE_C!$A:$A,$J7)="","",INDEX(BASE_C!$A:$A,$J7))) -> REMPLACÉE | B7: =IF($J7="","",IF(INDEX(BASE_C!$C:$C,$J7)="","",INDEX(BASE_C!$C:$C,$J7))) -> REMPLACÉE | C7: =IF($J7="","",IF(INDEX(BASE_C!$B:$B,$J7)="","",INDEX(BASE_C!$B:$B,$J7))) -> REMPLACÉE | I7: =IF(AND(INDEX(BASE_C!$B:$B,ROW()-1)<>"",LEFT(INDEX(BASE_C!$B:$B,ROW()-1),7)<>"EXEMPLE",OR(INDEX(BASE_C!$E:$E,ROW()-1)=TRUE,INDEX(BASE_C!$F:$F,ROW()-1)=TRUE,INDEX(BASE_C!$E:$E,ROW()-1)="X",INDEX(BASE_C!$F:$F,ROW()-1)="X",INDEX(BASE_C!$E:$E,ROW()-1)="OUI",INDEX(BASE_C!$F:$F,ROW()-1)="OUI")),IF(ISNUMBER(INDEX(BASE_C!$A:$A,ROW()-1)),MOD(INDEX(BASE_C!$A:$A,ROW()-1),1),IFERROR(TIMEVALUE(INDEX(BASE_C!$A:$A,ROW()-1)),1))+ROW()/10000000,"") -> REMPLACÉE | J7: =IFERROR(MATCH(SMALL($I$3:$I$8,ROW()-2),$I$3:$I$8,0)+1,"") -> REMPLACÉE
A8: =IF($J8="","",IF(INDEX(BASE_C!$A:$A,$J8)="","",INDEX(BASE_C!$A:$A,$J8))) -> REMPLACÉE | B8: =IF($J8="","",IF(INDEX(BASE_C!$C:$C,$J8)="","",INDEX(BASE_C!$C:$C,$J8))) -> REMPLACÉE | C8: =IF($J8="","",IF(INDEX(BASE_C!$B:$B,$J8)="","",INDEX(BASE_C!$B:$B,$J8))) -> REMPLACÉE | I8: =IF(AND(INDEX(BASE_C!$B:$B,ROW()-1)<>"",LEFT(INDEX(BASE_C!$B:$B,ROW()-1),7)<>"EXEMPLE",OR(INDEX(BASE_C!$E:$E,ROW()-1)=TRUE,INDEX(BASE_C!$F:$F,ROW()-1)=TRUE,INDEX(BASE_C!$E:$E,ROW()-1)="X",INDEX(BASE_C!$F:$F,ROW()-1)="X",INDEX(BASE_C!$E:$E,ROW()-1)="OUI",INDEX(BASE_C!$F:$F,ROW()-1)="OUI")),IF(ISNUMBER(INDEX(BASE_C!$A:$A,ROW()-1)),MOD(INDEX(BASE_C!$A:$A,ROW()-1),1),IFERROR(TIMEVALUE(INDEX(BASE_C!$A:$A,ROW()-1)),1))+ROW()/10000000,"") -> REMPLACÉE | J8: =IFERROR(MATCH(SMALL($I$3:$I$8,ROW()-2),$I$3:$I$8,0)+1,"") -> REMPLACÉE
