Workbook

Sheet A SAVOIR
A1: À SAVOIR
A3: Ce fichier permet de gérer automatiquement les listes d'appels de la semaine. Il fonctionne de la même manière dans Excel et dans Google Sheets.
A5: Tous les clients doivent être ajoutés, modifiés ou supprimés uniquement dans la feuille "BASE CLIENTS". Les feuilles LUNDI, MARDI, MERCREDI, JEUDI et VENDREDI se mettent à jour automatiquement en fonction des jours d'appel sélectionnés.
A7: Ajouter un client
A9: Ajoutez une nouvelle ligne dans la feuille BASE CLIENTS puis complétez les informations du client (heure d'appels, nom, code client, ville et numéro de téléphone).
A10: Sélectionnez ensuite OUI ou NON pour chaque jour de la semaine selon les jours où le client doit être appelé.
A11: Modifier un client
A13: Toutes les modifications doivent être réalisées dans la feuille BASE CLIENTS. Les changements seront automatiquement visibles dans les feuilles des jours concernés.
A15: Supprimer un client
A17: Supprimez simplement la ligne du client dans BASE CLIENTS. Il disparaîtra automatiquement de toutes les feuilles.
A19: Important
A20: Ne modifiez jamais les formules.
... A29: En cas de doute, utilisez toujours la feuille BASE CLIENTS pour gérer les informations des clients.

Sheet BASECLIENTS
A1: HEURE D APPELS | B1: NOM CLIENTS | C1: CODE CLIENTS | D1: VILLE | E1: LUNDI | F1: MARDI | G1: MERCREDI | H1: JEUDI | I1: VENDREDI | J1: Numéro de téléphone | K1: COMMENTAIRE

Sheet LUNDI
A1: HEURE D APPELS | B1: CODE CLIENTS | C1: NOM CLIENTS | D1: VILLE | E1: Numéro de téléphone | F1: COMMENTAIRE | G1: LIGNE BASE
A2: =IF($G2="","",IF(INDEX(BASECLIENTS!$A:$A,$G2)="","",INDEX(BASECLIENTS!$A:$A,$G2))) | B2: =IF($G2="","",IF(INDEX(BASECLIENTS!$C:$C,$G2)="","",INDEX(BASECLIENTS!$C:$C,$G2))) | C2: =IF($G2="","",IF(INDEX(BASECLIENTS!$B:$B,$G2)="","",INDEX(BASECLIENTS!$B:$B,$G2))) | D2: =IF($G2="","",IF(INDEX(BASECLIENTS!$D:$D,$G2)="","",INDEX(BASECLIENTS!$D:$D,$G2))) | E2: =IF($G2="","",IF(INDEX(BASECLIENTS!$J:$J,$G2)="","",INDEX(BASECLIENTS!$J:$J,$G2))) | F2: =IF($G2="","",IF(INDEX(BASECLIENTS!$K:$K,$G2)="","",INDEX(BASECLIENTS!$K:$K,$G2))) | G2: =IFERROR(MATCH("OUI",BASECLIENTS!$E:$E,0),"")
A3: =IF($G3="","",IF(INDEX(BASECLIENTS!$A:$A,$G3)="","",INDEX(BASECLIENTS!$A:$A,$G3))) | B3: =IF($G3="","",IF(INDEX(BASECLIENTS!$C:$C,$G3)="","",INDEX(BASECLIENTS!$C:$C,$G3))) | C3: =IF($G3="","",IF(INDEX(BASECLIENTS!$B:$B,$G3)="","",INDEX(BASECLIENTS!$B:$B,$G3))) | D3: =IF($G3="","",IF(INDEX(BASECLIENTS!$D:$D,$G3)="","",INDEX(BASECLIENTS!$D:$D,$G3))) | E3: =IF($G3="","",IF(INDEX(BASECLIENTS!$J:$J,$G3)="","",INDEX(BASECLIENTS!$J:$J,$G3))) | F3: =IF($G3="","",IF(INDEX(BASECLIENTS!$K:$K,$G3)="","",INDEX(BASECLIENTS!$K:$K,$G3))) | G3: =IF(G2="","",IFERROR(G2+MATCH("OUI",OFFSET(BASECLIENTS!$E$1,G2,0,ROWS(BASECLIENTS!$E:$E)-G2,1),0),""))
A4: =IF($G4="","",IF(INDEX(BASECLIENTS!$A:$A,$G4)="","",INDEX(BASECLIENTS!$A:$A,$G4))) | B4: =IF($G4="","",IF(INDEX(BASECLIENTS!$C:$C,$G4)="","",INDEX(BASECLIENTS!$C:$C,$G4))) | C4: =IF($G4="","",IF(INDEX(BASECLIENTS!$B:$B,$G4)="","",INDEX(BASECLIENTS!$B:$B,$G4))) | D4: =IF($G4="","",IF(INDEX(BASECLIENTS!$D:$D,$G4)="","",INDEX(BASECLIENTS!$D:$D,$G4))) | E4: =IF($G4="","",IF(INDEX(BASECLIENTS!$J:$J,$G4)="","",INDEX(BASECLIENTS!$J:$J,$G4))) | F4: =IF($G4="","",IF(INDEX(BASECLIENTS!$K:$K,$G4)="","",INDEX(BASECLIENTS!$K:$K,$G4))) | G4: =IF(G3="","",IFERROR(G3+MATCH("OUI",OFFSET(BASECLIENTS!$E$1,G3,0,ROWS(BASECLIENTS!$E:$E)-G3,1),0),""))
A5: =IF($G5="","",IF(INDEX(BASECLIENTS!$A:$A,$G5)="","",INDEX(BASECLIENTS!$A:$A,$G5))) | B5: =IF($G5="","",IF(INDEX(BASECLIENTS!$C:$C,$G5)="","",INDEX(BASECLIENTS!$C:$C,$G5))) | C5: =IF($G5="","",IF(INDEX(BASECLIENTS!$B:$B,$G5)="","",INDEX(BASECLIENTS!$B:$B,$G5))) | D5: =IF($G5="","",IF(INDEX(BASECLIENTS!$D:$D,$G5)="","",INDEX(BASECLIENTS!$D:$D,$G5))) | E5: =IF($G5="","",IF(INDEX(BASECLIENTS!$J:$J,$G5)="","",INDEX(BASECLIENTS!$J:$J,$G5))) | F5: =IF($G5="","",IF(INDEX(BASECLIENTS!$K:$K,$G5)="","",INDEX(BASECLIENTS!$K:$K,$G5))) | G5: =IF(G4="","",IFERROR(G4+MATCH("OUI",OFFSET(BASECLIENTS!$E$1,G4,0,ROWS(BASECLIENTS!$E:$E)-G4,1),0),""))
A6: =IF($G6="","",IF(INDEX(BASECLIENTS!$A:$A,$G6)="","",INDEX(BASECLIENTS!$A:$A,$G6))) | B6: =IF($G6="","",IF(INDEX(BASECLIENTS!$C:$C,$G6)="","",INDEX(BASECLIENTS!$C:$C,$G6))) | C6: =IF($G6="","",IF(INDEX(BASECLIENTS!$B:$B,$G6)="","",INDEX(BASECLIENTS!$B:$B,$G6))) | D6: =IF($G6="","",IF(INDEX(BASECLIENTS!$D:$D,$G6)="","",INDEX(BASECLIENTS!$D:$D,$G6))) | E6: =IF($G6="","",IF(INDEX(BASECLIENTS!$J:$J,$G6)="","",INDEX(BASECLIENTS!$J:$J,$G6))) | F6: =IF($G6="","",IF(INDEX(BASECLIENTS!$K:$K,$G6)="","",INDEX(BASECLIENTS!$K:$K,$G6))) | G6: =IF(G5="","",IFERROR(G5+MATCH("OUI",OFFSET(BASECLIENTS!$E$1,G5,0,ROWS(BASECLIENTS!$E:$E)-G5,1),0),""))
A7: =IF($G7="","",IF(INDEX(BASECLIENTS!$A:$A,$G7)="","",INDEX(BASECLIENTS!$A:$A,$G7))) | B7: =IF($G7="","",IF(INDEX(BASECLIENTS!$C:$C,$G7)="","",INDEX(BASECLIENTS!$C:$C,$G7))) | C7: =IF($G7="","",IF(INDEX(BASECLIENTS!$B:$B,$G7)="","",INDEX(BASECLIENTS!$B:$B,$G7))) | D7: =IF($G7="","",IF(INDEX(BASECLIENTS!$D:$D,$G7)="","",INDEX(BASECLIENTS!$D:$D,$G7))) | E7: =IF($G7="","",IF(INDEX(BASECLIENTS!$J:$J,$G7)="","",INDEX(BASECLIENTS!$J:$J,$G7))) | F7: =IF($G7="","",IF(INDEX(BASECLIENTS!$K:$K,$G7)="","",INDEX(BASECLIENTS!$K:$K,$G7))) | G7: =IF(G6="","",IFERROR(G6+MATCH("OUI",OFFSET(BASECLIENTS!$E$1,G6,0,ROWS(BASECLIENTS!$E:$E)-G6,1),0),""))
A8: =IF($G8="","",IF(INDEX(BASECLIENTS!$A:$A,$G8)="","",INDEX(BASECLIENTS!$A:$A,$G8))) | B8: =IF($G8="","",IF(INDEX(BASECLIENTS!$C:$C,$G8)="","",INDEX(BASECLIENTS!$C:$C,$G8))) | C8: =IF($G8="","",IF(INDEX(BASECLIENTS!$B:$B,$G8)="","",INDEX(BASECLIENTS!$B:$B,$G8))) | D8: =IF($G8="","",IF(INDEX(BASECLIENTS!$D:$D,$G8)="","",INDEX(BASECLIENTS!$D:$D,$G8))) | E8: =IF($G8="","",IF(INDEX(BASECLIENTS!$J:$J,$G8)="","",INDEX(BASECLIENTS!$J:$J,$G8))) | F8: =IF($G8="","",IF(INDEX(BASECLIENTS!$K:$K,$G8)="","",INDEX(BASECLIENTS!$K:$K,$G8))) | G8: =IF(G7="","",IFERROR(G7+MATCH("OUI",OFFSET(BASECLIENTS!$E$1,G7,0,ROWS(BASECLIENTS!$E:$E)-G7,1),0),""))
A9: =IF($G9="","",IF(INDEX(BASECLIENTS!$A:$A,$G9)="","",INDEX(BASECLIENTS!$A:$A,$G9))) | B9: =IF($G9="","",IF(INDEX(BASECLIENTS!$C:$C,$G9)="","",INDEX(BASECLIENTS!$C:$C,$G9))) | C9: =IF($G9="","",IF(INDEX(BASECLIENTS!$B:$B,$G9)="","",INDEX(BASECLIENTS!$B:$B,$G9))) | D9: =IF($G9="","",IF(INDEX(BASECLIENTS!$D:$D,$G9)="","",INDEX(BASECLIENTS!$D:$D,$G9))) | E9: =IF($G9="","",IF(INDEX(BASECLIENTS!$J:$J,$G9)="","",INDEX(BASECLIENTS!$J:$J,$G9))) | F9: =IF($G9="","",IF(INDEX(BASECLIENTS!$K:$K,$G9)="","",INDEX(BASECLIENTS!$K:$K,$G9))) | G9: =IF(G8="","",IFERROR(G8+MATCH("OUI",OFFSET(BASECLIENTS!$E$1,G8,0,ROWS(BASECLIENTS!$E:$E)-G8,1),0),""))
A10: =IF($G10="","",IF(INDEX(BASECLIENTS!$A:$A,$G10)="","",INDEX(BASECLIENTS!$A:$A,$G10))) | B10: =IF($G10="","",IF(INDEX(BASECLIENTS!$C:$C,$G10)="","",INDEX(BASECLIENTS!$C:$C,$G10))) | C10: =IF($G10="","",IF(INDEX(BASECLIENTS!$B:$B,$G10)="","",INDEX(BASECLIENTS!$B:$B,$G10))) | D10: =IF($G10="","",IF(INDEX(BASECLIENTS!$D:$D,$G10)="","",INDEX(BASECLIENTS!$D:$D,$G10))) | E10: =IF($G10="","",IF(INDEX(BASECLIENTS!$J:$J,$G10)="","",INDEX(BASECLIENTS!$J:$J,$G10))) | F10: =IF($G10="","",IF(INDEX(BASECLIENTS!$K:$K,$G10)="","",INDEX(BASECLIENTS!$K:$K,$G10))) | G10: =IF(G9="","",IFERROR(G9+MATCH("OUI",OFFSET(BASECLIENTS!$E$1,G9,0,ROWS(BASECLIENTS!$E:$E)-G9,1),0),""))
A11: =IF($G11="","",IF(INDEX(BASECLIENTS!$A:$A,$G11)="","",INDEX(BASECLIENTS!$A:$A,$G11))) | B11: =IF($G11="","",IF(INDEX(BASECLIENTS!$C:$C,$G11)="","",INDEX(BASECLIENTS!$C:$C,$G11))) | C11: =IF($G11="","",IF(INDEX(BASECLIENTS!$B:$B,$G11)="","",INDEX(BASECLIENTS!$B:$B,$G11))) | D11: =IF($G11="","",IF(INDEX(BASECLIENTS!$D:$D,$G11)="","",INDEX(BASECLIENTS!$D:$D,$G11))) | E11: =IF($G11="","",IF(INDEX(BASECLIENTS!$J:$J,$G11)="","",INDEX(BASECLIENTS!$J:$J,$G11))) | F11: =IF($G11="","",IF(INDEX(BASECLIENTS!$K:$K,$G11)="","",INDEX(BASECLIENTS!$K:$K,$G11))) | G11: =IF(G10="","",IFERROR(G10+MATCH("OUI",OFFSET(BASECLIENTS!$E$1,G10,0,ROWS(BASECLIENTS!$E:$E)-G10,1),0),""))
A12: =IF($G12="","",IF(INDEX(BASECLIENTS!$A:$A,$G12)="","",INDEX(BASECLIENTS!$A:$A,$G12))) | B12: =IF($G12="","",IF(INDEX(BASECLIENTS!$C:$C,$G12)="","",INDEX(BASECLIENTS!$C:$C,$G12))) | C12: =IF($G12="","",IF(INDEX(BASECLIENTS!$B:$B,$G12)="","",INDEX(BASECLIENTS!$B:$B,$G12))) | D12: =IF($G12="","",IF(INDEX(BASECLIENTS!$D:$D,$G12)="","",INDEX(BASECLIENTS!$D:$D,$G12))) | E12: =IF($G12="","",IF(INDEX(BASECLIENTS!$J:$J,$G12)="","",INDEX(BASECLIENTS!$J:$J,$G12))) | F12: =IF($G12="","",IF(INDEX(BASECLIENTS!$K:$K,$G12)="","",INDEX(BASECLIENTS!$K:$K,$G12))) | G12: =IF(G11="","",IFERROR(G11+MATCH("OUI",OFFSET(BASECLIENTS!$E$1,G11,0,ROWS(BASECLIENTS!$E:$E)-G11,1),0),""))
A13: =IF($G13="","",IF(INDEX(BASECLIENTS!$A:$A,$G13)="","",INDEX(BASECLIENTS!$A:$A,$G13))) | B13: =IF($G13="","",IF(INDEX(BASECLIENTS!$C:$C,$G13)="","",INDEX(BASECLIENTS!$C:$C,$G13))) | C13: =IF($G13="","",IF(INDEX(BASECLIENTS!$B:$B,$G13)="","",INDEX(BASECLIENTS!$B:$B,$G13))) | D13: =IF($G13="","",IF(INDEX(BASECLIENTS!$D:$D,$G13)="","",INDEX(BASECLIENTS!$D:$D,$G13))) | E13: =IF($G13="","",IF(INDEX(BASECLIENTS!$J:$J,$G13)="","",INDEX(BASECLIENTS!$J:$J,$G13))) | F13: =IF($G13="","",IF(INDEX(BASECLIENTS!$K:$K,$G13)="","",INDEX(BASECLIENTS!$K:$K,$G13))) | G13: =IF(G12="","",IFERROR(G12+MATCH("OUI",OFFSET(BASECLIENTS!$E$1,G12,0,ROWS(BASECLIENTS!$E:$E)-G12,1),0),""))
A14: =IF($G14="","",IF(INDEX(BASECLIENTS!$A:$A,$G14)="","",INDEX(BASECLIENTS!$A:$A,$G14))) | B14: =IF($G14="","",IF(INDEX(BASECLIENTS!$C:$C,$G14)="","",INDEX(BASECLIENTS!$C:$C,$G14))) | C14: =IF($G14="","",IF(INDEX(BASECLIENTS!$B:$B,$G14)="","",INDEX(BASECLIENTS!$B:$B,$G14))) | D14: =IF($G14="","",IF(INDEX(BASECLIENTS!$D:$D,$G14)="","",INDEX(BASECLIENTS!$D:$D,$G14))) | E14: =IF($G14="","",IF(INDEX(BASECLIENTS!$J:$J,$G14)="","",INDEX(BASECLIENTS!$J:$J,$G14))) | F14: =IF($G14="","",IF(INDEX(BASECLIENTS!$K:$K,$G14)="","",INDEX(BASECLIENTS!$K:$K,$G14))) | G14: =IF(G13="","",IFERROR(G13+MATCH("OUI",OFFSET(BASECLIENTS!$E$1,G13,0,ROWS(BASECLIENTS!$E:$E)-G13,1),0),""))
... A1001: =IF($G1001="","",IF(INDEX(BASECLIENTS!$A:$A,$G1001)="","",INDEX(BASECLIENTS!$A:$A,$G1001))) | B1001: =IF($G1001="","",IF(INDEX(BASECLIENTS!$C:$C,$G1001)="","",INDEX(BASECLIENTS!$C:$C,$G1001))) | C1001: =IF($G1001="","",IF(INDEX(BASECLIENTS!$B:$B,$G1001)="","",INDEX(BASECLIENTS!$B:$B,$G1001))) | D1001: =IF($G1001="","",IF(INDEX(BASECLIENTS!$D:$D,$G1001)="","",INDEX(BASECLIENTS!$D:$D,$G1001))) | E1001: =IF($G1001="","",IF(INDEX(BASECLIENTS!$J:$J,$G1001)="","",INDEX(BASECLIENTS!$J:$J,$G1001))) | F1001: =IF($G1001="","",IF(INDEX(BASECLIENTS!$K:$K,$G1001)="","",INDEX(BASECLIENTS!$K:$K,$G1001))) | G1001: =IF(G1000="","",IFERROR(G1000+MATCH("OUI",OFFSET(BASECLIENTS!$E$1,G1000,0,ROWS(BASECLIENTS!$E:$E)-G1000,1),0),""))

Sheet MARDI
A1: HEURE D APPELS | B1: CODE CLIENTS | C1: NOM CLIENTS | D1: VILLE | E1: Numéro de téléphone | F1: COMMENTAIRE | G1: LIGNE BASE
A2: =IF($G2="","",IF(INDEX(BASECLIENTS!$A:$A,$G2)="","",INDEX(BASECLIENTS!$A:$A,$G2))) | B2: =IF($G2="","",IF(INDEX(BASECLIENTS!$C:$C,$G2)="","",INDEX(BASECLIENTS!$C:$C,$G2))) | C2: =IF($G2="","",IF(INDEX(BASECLIENTS!$B:$B,$G2)="","",INDEX(BASECLIENTS!$B:$B,$G2))) | D2: =IF($G2="","",IF(INDEX(BASECLIENTS!$D:$D,$G2)="","",INDEX(BASECLIENTS!$D:$D,$G2))) | E2: =IF($G2="","",IF(INDEX(BASECLIENTS!$J:$J,$G2)="","",INDEX(BASECLIENTS!$J:$J,$G2))) | F2: =IF($G2="","",IF(INDEX(BASECLIENTS!$K:$K,$G2)="","",INDEX(BASECLIENTS!$K:$K,$G2))) | G2: =IFERROR(MATCH("OUI",BASECLIENTS!$F:$F,0),"")
A3: =IF($G3="","",IF(INDEX(BASECLIENTS!$A:$A,$G3)="","",INDEX(BASECLIENTS!$A:$A,$G3))) | B3: =IF($G3="","",IF(INDEX(BASECLIENTS!$C:$C,$G3)="","",INDEX(BASECLIENTS!$C:$C,$G3))) | C3: =IF($G3="","",IF(INDEX(BASECLIENTS!$B:$B,$G3)="","",INDEX(BASECLIENTS!$B:$B,$G3))) | D3: =IF($G3="","",IF(INDEX(BASECLIENTS!$D:$D,$G3)="","",INDEX(BASECLIENTS!$D:$D,$G3))) | E3: =IF($G3="","",IF(INDEX(BASECLIENTS!$J:$J,$G3)="","",INDEX(BASECLIENTS!$J:$J,$G3))) | F3: =IF($G3="","",IF(INDEX(BASECLIENTS!$K:$K,$G3)="","",INDEX(BASECLIENTS!$K:$K,$G3))) | G3: =IF(G2="","",IFERROR(G2+MATCH("OUI",OFFSET(BASECLIENTS!$F$1,G2,0,ROWS(BASECLIENTS!$F:$F)-G2,1),0),""))
A4: =IF($G4="","",IF(INDEX(BASECLIENTS!$A:$A,$G4)="","",INDEX(BASECLIENTS!$A:$A,$G4))) | B4: =IF($G4="","",IF(INDEX(BASECLIENTS!$C:$C,$G4)="","",INDEX(BASECLIENTS!$C:$C,$G4))) | C4: =IF($G4="","",IF(INDEX(BASECLIENTS!$B:$B,$G4)="","",INDEX(BASECLIENTS!$B:$B,$G4))) | D4: =IF($G4="","",IF(INDEX(BASECLIENTS!$D:$D,$G4)="","",INDEX(BASECLIENTS!$D:$D,$G4))) | E4: =IF($G4="","",IF(INDEX(BASECLIENTS!$J:$J,$G4)="","",INDEX(BASECLIENTS!$J:$J,$G4))) | F4: =IF($G4="","",IF(INDEX(BASECLIENTS!$K:$K,$G4)="","",INDEX(BASECLIENTS!$K:$K,$G4))) | G4: =IF(G3="","",IFERROR(G3+MATCH("OUI",OFFSET(BASECLIENTS!$F$1,G3,0,ROWS(BASECLIENTS!$F:$F)-G3,1),0),""))
A5: =IF($G5="","",IF(INDEX(BASECLIENTS!$A:$A,$G5)="","",INDEX(BASECLIENTS!$A:$A,$G5))) | B5: =IF($G5="","",IF(INDEX(BASECLIENTS!$C:$C,$G5)="","",INDEX(BASECLIENTS!$C:$C,$G5))) | C5: =IF($G5="","",IF(INDEX(BASECLIENTS!$B:$B,$G5)="","",INDEX(BASECLIENTS!$B:$B,$G5))) | D5: =IF($G5="","",IF(INDEX(BASECLIENTS!$D:$D,$G5)="","",INDEX(BASECLIENTS!$D:$D,$G5))) | E5: =IF($G5="","",IF(INDEX(BASECLIENTS!$J:$J,$G5)="","",INDEX(BASECLIENTS!$J:$J,$G5))) | F5: =IF($G5="","",IF(INDEX(BASECLIENTS!$K:$K,$G5)="","",INDEX(BASECLIENTS!$K:$K,$G5))) | G5: =IF(G4="","",IFERROR(G4+MATCH("OUI",OFFSET(BASECLIENTS!$F$1,G4,0,ROWS(BASECLIENTS!$F:$F)-G4,1),0),""))
A6: =IF($G6="","",IF(INDEX(BASECLIENTS!$A:$A,$G6)="","",INDEX(BASECLIENTS!$A:$A,$G6))) | B6: =IF($G6="","",IF(INDEX(BASECLIENTS!$C:$C,$G6)="","",INDEX(BASECLIENTS!$C:$C,$G6))) | C6: =IF($G6="","",IF(INDEX(BASECLIENTS!$B:$B,$G6)="","",INDEX(BASECLIENTS!$B:$B,$G6))) | D6: =IF($G6="","",IF(INDEX(BASECLIENTS!$D:$D,$G6)="","",INDEX(BASECLIENTS!$D:$D,$G6))) | E6: =IF($G6="","",IF(INDEX(BASECLIENTS!$J:$J,$G6)="","",INDEX(BASECLIENTS!$J:$J,$G6))) | F6: =IF($G6="","",IF(INDEX(BASECLIENTS!$K:$K,$G6)="","",INDEX(BASECLIENTS!$K:$K,$G6))) | G6: =IF(G5="","",IFERROR(G5+MATCH("OUI",OFFSET(BASECLIENTS!$F$1,G5,0,ROWS(BASECLIENTS!$F:$F)-G5,1),0),""))
A7: =IF($G7="","",IF(INDEX(BASECLIENTS!$A:$A,$G7)="","",INDEX(BASECLIENTS!$A:$A,$G7))) | B7: =IF($G7="","",IF(INDEX(BASECLIENTS!$C:$C,$G7)="","",INDEX(BASECLIENTS!$C:$C,$G7))) | C7: =IF($G7="","",IF(INDEX(BASECLIENTS!$B:$B,$G7)="","",INDEX(BASECLIENTS!$B:$B,$G7))) | D7: =IF($G7="","",IF(INDEX(BASECLIENTS!$D:$D,$G7)="","",INDEX(BASECLIENTS!$D:$D,$G7))) | E7: =IF($G7="","",IF(INDEX(BASECLIENTS!$J:$J,$G7)="","",INDEX(BASECLIENTS!$J:$J,$G7))) | F7: =IF($G7="","",IF(INDEX(BASECLIENTS!$K:$K,$G7)="","",INDEX(BASECLIENTS!$K:$K,$G7))) | G7: =IF(G6="","",IFERROR(G6+MATCH("OUI",OFFSET(BASECLIENTS!$F$1,G6,0,ROWS(BASECLIENTS!$F:$F)-G6,1),0),""))
A8: =IF($G8="","",IF(INDEX(BASECLIENTS!$A:$A,$G8)="","",INDEX(BASECLIENTS!$A:$A,$G8))) | B8: =IF($G8="","",IF(INDEX(BASECLIENTS!$C:$C,$G8)="","",INDEX(BASECLIENTS!$C:$C,$G8))) | C8: =IF($G8="","",IF(INDEX(BASECLIENTS!$B:$B,$G8)="","",INDEX(BASECLIENTS!$B:$B,$G8))) | D8: =IF($G8="","",IF(INDEX(BASECLIENTS!$D:$D,$G8)="","",INDEX(BASECLIENTS!$D:$D,$G8))) | E8: =IF($G8="","",IF(INDEX(BASECLIENTS!$J:$J,$G8)="","",INDEX(BASECLIENTS!$J:$J,$G8))) | F8: =IF($G8="","",IF(INDEX(BASECLIENTS!$K:$K,$G8)="","",INDEX(BASECLIENTS!$K:$K,$G8))) | G8: =IF(G7="","",IFERROR(G7+MATCH("OUI",OFFSET(BASECLIENTS!$F$1,G7,0,ROWS(BASECLIENTS!$F:$F)-G7,1),0),""))
A9: =IF($G9="","",IF(INDEX(BASECLIENTS!$A:$A,$G9)="","",INDEX(BASECLIENTS!$A:$A,$G9))) | B9: =IF($G9="","",IF(INDEX(BASECLIENTS!$C:$C,$G9)="","",INDEX(BASECLIENTS!$C:$C,$G9))) | C9: =IF($G9="","",IF(INDEX(BASECLIENTS!$B:$B,$G9)="","",INDEX(BASECLIENTS!$B:$B,$G9))) | D9: =IF($G9="","",IF(INDEX(BASECLIENTS!$D:$D,$G9)="","",INDEX(BASECLIENTS!$D:$D,$G9))) | E9: =IF($G9="","",IF(INDEX(BASECLIENTS!$J:$J,$G9)="","",INDEX(BASECLIENTS!$J:$J,$G9))) | F9: =IF($G9="","",IF(INDEX(BASECLIENTS!$K:$K,$G9)="","",INDEX(BASECLIENTS!$K:$K,$G9))) | G9: =IF(G8="","",IFERROR(G8+MATCH("OUI",OFFSET(BASECLIENTS!$F$1,G8,0,ROWS(BASECLIENTS!$F:$F)-G8,1),0),""))
A10: =IF($G10="","",IF(INDEX(BASECLIENTS!$A:$A,$G10)="","",INDEX(BASECLIENTS!$A:$A,$G10))) | B10: =IF($G10="","",IF(INDEX(BASECLIENTS!$C:$C,$G10)="","",INDEX(BASECLIENTS!$C:$C,$G10))) | C10: =IF($G10="","",IF(INDEX(BASECLIENTS!$B:$B,$G10)="","",INDEX(BASECLIENTS!$B:$B,$G10))) | D10: =IF($G10="","",IF(INDEX(BASECLIENTS!$D:$D,$G10)="","",INDEX(BASECLIENTS!$D:$D,$G10))) | E10: =IF($G10="","",IF(INDEX(BASECLIENTS!$J:$J,$G10)="","",INDEX(BASECLIENTS!$J:$J,$G10))) | F10: =IF($G10="","",IF(INDEX(BASECLIENTS!$K:$K,$G10)="","",INDEX(BASECLIENTS!$K:$K,$G10))) | G10: =IF(G9="","",IFERROR(G9+MATCH("OUI",OFFSET(BASECLIENTS!$F$1,G9,0,ROWS(BASECLIENTS!$F:$F)-G9,1),0),""))
A11: =IF($G11="","",IF(INDEX(BASECLIENTS!$A:$A,$G11)="","",INDEX(BASECLIENTS!$A:$A,$G11))) | B11: =IF($G11="","",IF(INDEX(BASECLIENTS!$C:$C,$G11)="","",INDEX(BASECLIENTS!$C:$C,$G11))) | C11: =IF($G11="","",IF(INDEX(BASECLIENTS!$B:$B,$G11)="","",INDEX(BASECLIENTS!$B:$B,$G11))) | D11: =IF($G11="","",IF(INDEX(BASECLIENTS!$D:$D,$G11)="","",INDEX(BASECLIENTS!$D:$D,$G11))) | E11: =IF($G11="","",IF(INDEX(BASECLIENTS!$J:$J,$G11)="","",INDEX(BASECLIENTS!$J:$J,$G11))) | F11: =IF($G11="","",IF(INDEX(BASECLIENTS!$K:$K,$G11)="","",INDEX(BASECLIENTS!$K:$K,$G11))) | G11: =IF(G10="","",IFERROR(G10+MATCH("OUI",OFFSET(BASECLIENTS!$F$1,G10,0,ROWS(BASECLIENTS!$F:$F)-G10,1),0),""))
A12: =IF($G12="","",IF(INDEX(BASECLIENTS!$A:$A,$G12)="","",INDEX(BASECLIENTS!$A:$A,$G12))) | B12: =IF($G12="","",IF(INDEX(BASECLIENTS!$C:$C,$G12)="","",INDEX(BASECLIENTS!$C:$C,$G12))) | C12: =IF($G12="","",IF(INDEX(BASECLIENTS!$B:$B,$G12)="","",INDEX(BASECLIENTS!$B:$B,$G12))) | D12: =IF($G12="","",IF(INDEX(BASECLIENTS!$D:$D,$G12)="","",INDEX(BASECLIENTS!$D:$D,$G12))) | E12: =IF($G12="","",IF(INDEX(BASECLIENTS!$J:$J,$G12)="","",INDEX(BASECLIENTS!$J:$J,$G12))) | F12: =IF($G12="","",IF(INDEX(BASECLIENTS!$K:$K,$G12)="","",INDEX(BASECLIENTS!$K:$K,$G12))) | G12: =IF(G11="","",IFERROR(G11+MATCH("OUI",OFFSET(BASECLIENTS!$F$1,G11,0,ROWS(BASECLIENTS!$F:$F)-G11,1),0),""))
A13: =IF($G13="","",IF(INDEX(BASECLIENTS!$A:$A,$G13)="","",INDEX(BASECLIENTS!$A:$A,$G13))) | B13: =IF($G13="","",IF(INDEX(BASECLIENTS!$C:$C,$G13)="","",INDEX(BASECLIENTS!$C:$C,$G13))) | C13: =IF($G13="","",IF(INDEX(BASECLIENTS!$B:$B,$G13)="","",INDEX(BASECLIENTS!$B:$B,$G13))) | D13: =IF($G13="","",IF(INDEX(BASECLIENTS!$D:$D,$G13)="","",INDEX(BASECLIENTS!$D:$D,$G13))) | E13: =IF($G13="","",IF(INDEX(BASECLIENTS!$J:$J,$G13)="","",INDEX(BASECLIENTS!$J:$J,$G13))) | F13: =IF($G13="","",IF(INDEX(BASECLIENTS!$K:$K,$G13)="","",INDEX(BASECLIENTS!$K:$K,$G13))) | G13: =IF(G12="","",IFERROR(G12+MATCH("OUI",OFFSET(BASECLIENTS!$F$1,G12,0,ROWS(BASECLIENTS!$F:$F)-G12,1),0),""))
A14: =IF($G14="","",IF(INDEX(BASECLIENTS!$A:$A,$G14)="","",INDEX(BASECLIENTS!$A:$A,$G14))) | B14: =IF($G14="","",IF(INDEX(BASECLIENTS!$C:$C,$G14)="","",INDEX(BASECLIENTS!$C:$C,$G14))) | C14: =IF($G14="","",IF(INDEX(BASECLIENTS!$B:$B,$G14)="","",INDEX(BASECLIENTS!$B:$B,$G14))) | D14: =IF($G14="","",IF(INDEX(BASECLIENTS!$D:$D,$G14)="","",INDEX(BASECLIENTS!$D:$D,$G14))) | E14: =IF($G14="","",IF(INDEX(BASECLIENTS!$J:$J,$G14)="","",INDEX(BASECLIENTS!$J:$J,$G14))) | F14: =IF($G14="","",IF(INDEX(BASECLIENTS!$K:$K,$G14)="","",INDEX(BASECLIENTS!$K:$K,$G14))) | G14: =IF(G13="","",IFERROR(G13+MATCH("OUI",OFFSET(BASECLIENTS!$F$1,G13,0,ROWS(BASECLIENTS!$F:$F)-G13,1),0),""))
... A1001: =IF($G1001="","",IF(INDEX(BASECLIENTS!$A:$A,$G1001)="","",INDEX(BASECLIENTS!$A:$A,$G1001))) | B1001: =IF($G1001="","",IF(INDEX(BASECLIENTS!$C:$C,$G1001)="","",INDEX(BASECLIENTS!$C:$C,$G1001))) | C1001: =IF($G1001="","",IF(INDEX(BASECLIENTS!$B:$B,$G1001)="","",INDEX(BASECLIENTS!$B:$B,$G1001))) | D1001: =IF($G1001="","",IF(INDEX(BASECLIENTS!$D:$D,$G1001)="","",INDEX(BASECLIENTS!$D:$D,$G1001))) | E1001: =IF($G1001="","",IF(INDEX(BASECLIENTS!$J:$J,$G1001)="","",INDEX(BASECLIENTS!$J:$J,$G1001))) | F1001: =IF($G1001="","",IF(INDEX(BASECLIENTS!$K:$K,$G1001)="","",INDEX(BASECLIENTS!$K:$K,$G1001))) | G1001: =IF(G1000="","",IFERROR(G1000+MATCH("OUI",OFFSET(BASECLIENTS!$F$1,G1000,0,ROWS(BASECLIENTS!$F:$F)-G1000,1),0),""))

Sheet MERCREDI
A1: HEURE D APPELS | B1: CODE CLIENTS | C1: NOM CLIENTS | D1: VILLE | E1: Numéro de téléphone | F1: COMMENTAIRE | G1: LIGNE BASE
A2: =IF($G2="","",IF(INDEX(BASECLIENTS!$A:$A,$G2)="","",INDEX(BASECLIENTS!$A:$A,$G2))) | B2: =IF($G2="","",IF(INDEX(BASECLIENTS!$C:$C,$G2)="","",INDEX(BASECLIENTS!$C:$C,$G2))) | C2: =IF($G2="","",IF(INDEX(BASECLIENTS!$B:$B,$G2)="","",INDEX(BASECLIENTS!$B:$B,$G2))) | D2: =IF($G2="","",IF(INDEX(BASECLIENTS!$D:$D,$G2)="","",INDEX(BASECLIENTS!$D:$D,$G2))) | E2: =IF($G2="","",IF(INDEX(BASECLIENTS!$J:$J,$G2)="","",INDEX(BASECLIENTS!$J:$J,$G2))) | F2: =IF($G2="","",IF(INDEX(BASECLIENTS!$K:$K,$G2)="","",INDEX(BASECLIENTS!$K:$K,$G2))) | G2: =IFERROR(MATCH("OUI",BASECLIENTS!$G:$G,0),"")
A3: =IF($G3="","",IF(INDEX(BASECLIENTS!$A:$A,$G3)="","",INDEX(BASECLIENTS!$A:$A,$G3))) | B3: =IF($G3="","",IF(INDEX(BASECLIENTS!$C:$C,$G3)="","",INDEX(BASECLIENTS!$C:$C,$G3))) | C3: =IF($G3="","",IF(INDEX(BASECLIENTS!$B:$B,$G3)="","",INDEX(BASECLIENTS!$B:$B,$G3))) | D3: =IF($G3="","",IF(INDEX(BASECLIENTS!$D:$D,$G3)="","",INDEX(BASECLIENTS!$D:$D,$G3))) | E3: =IF($G3="","",IF(INDEX(BASECLIENTS!$J:$J,$G3)="","",INDEX(BASECLIENTS!$J:$J,$G3))) | F3: =IF($G3="","",IF(INDEX(BASECLIENTS!$K:$K,$G3)="","",INDEX(BASECLIENTS!$K:$K,$G3))) | G3: =IF(G2="","",IFERROR(G2+MATCH("OUI",OFFSET(BASECLIENTS!$G$1,G2,0,ROWS(BASECLIENTS!$G:$G)-G2,1),0),""))
A4: =IF($G4="","",IF(INDEX(BASECLIENTS!$A:$A,$G4)="","",INDEX(BASECLIENTS!$A:$A,$G4))) | B4: =IF($G4="","",IF(INDEX(BASECLIENTS!$C:$C,$G4)="","",INDEX(BASECLIENTS!$C:$C,$G4))) | C4: =IF($G4="","",IF(INDEX(BASECLIENTS!$B:$B,$G4)="","",INDEX(BASECLIENTS!$B:$B,$G4))) | D4: =IF($G4="","",IF(INDEX(BASECLIENTS!$D:$D,$G4)="","",INDEX(BASECLIENTS!$D:$D,$G4))) | E4: =IF($G4="","",IF(INDEX(BASECLIENTS!$J:$J,$G4)="","",INDEX(BASECLIENTS!$J:$J,$G4))) | F4: =IF($G4="","",IF(INDEX(BASECLIENTS!$K:$K,$G4)="","",INDEX(BASECLIENTS!$K:$K,$G4))) | G4: =IF(G3="","",IFERROR(G3+MATCH("OUI",OFFSET(BASECLIENTS!$G$1,G3,0,ROWS(BASECLIENTS!$G:$G)-G3,1),0),""))
A5: =IF($G5="","",IF(INDEX(BASECLIENTS!$A:$A,$G5)="","",INDEX(BASECLIENTS!$A:$A,$G5))) | B5: =IF($G5="","",IF(INDEX(BASECLIENTS!$C:$C,$G5)="","",INDEX(BASECLIENTS!$C:$C,$G5))) | C5: =IF($G5="","",IF(INDEX(BASECLIENTS!$B:$B,$G5)="","",INDEX(BASECLIENTS!$B:$B,$G5))) | D5: =IF($G5="","",IF(INDEX(BASECLIENTS!$D:$D,$G5)="","",INDEX(BASECLIENTS!$D:$D,$G5))) | E5: =IF($G5="","",IF(INDEX(BASECLIENTS!$J:$J,$G5)="","",INDEX(BASECLIENTS!$J:$J,$G5))) | F5: =IF($G5="","",IF(INDEX(BASECLIENTS!$K:$K,$G5)="","",INDEX(BASECLIENTS!$K:$K,$G5))) | G5: =IF(G4="","",IFERROR(G4+MATCH("OUI",OFFSET(BASECLIENTS!$G$1,G4,0,ROWS(BASECLIENTS!$G:$G)-G4,1),0),""))
A6: =IF($G6="","",IF(INDEX(BASECLIENTS!$A:$A,$G6)="","",INDEX(BASECLIENTS!$A:$A,$G6))) | B6: =IF($G6="","",IF(INDEX(BASECLIENTS!$C:$C,$G6)="","",INDEX(BASECLIENTS!$C:$C,$G6))) | C6: =IF($G6="","",IF(INDEX(BASECLIENTS!$B:$B,$G6)="","",INDEX(BASECLIENTS!$B:$B,$G6))) | D6: =IF($G6="","",IF(INDEX(BASECLIENTS!$D:$D,$G6)="","",INDEX(BASECLIENTS!$D:$D,$G6))) | E6: =IF($G6="","",IF(INDEX(BASECLIENTS!$J:$J,$G6)="","",INDEX(BASECLIENTS!$J:$J,$G6))) | F6: =IF($G6="","",IF(INDEX(BASECLIENTS!$K:$K,$G6)="","",INDEX(BASECLIENTS!$K:$K,$G6))) | G6: =IF(G5="","",IFERROR(G5+MATCH("OUI",OFFSET(BASECLIENTS!$G$1,G5,0,ROWS(BASECLIENTS!$G:$G)-G5,1),0),""))
A7: =IF($G7="","",IF(INDEX(BASECLIENTS!$A:$A,$G7)="","",INDEX(BASECLIENTS!$A:$A,$G7))) | B7: =IF($G7="","",IF(INDEX(BASECLIENTS!$C:$C,$G7)="","",INDEX(BASECLIENTS!$C:$C,$G7))) | C7: =IF($G7="","",IF(INDEX(BASECLIENTS!$B:$B,$G7)="","",INDEX(BASECLIENTS!$B:$B,$G7))) | D7: =IF($G7="","",IF(INDEX(BASECLIENTS!$D:$D,$G7)="","",INDEX(BASECLIENTS!$D:$D,$G7))) | E7: =IF($G7="","",IF(INDEX(BASECLIENTS!$J:$J,$G7)="","",INDEX(BASECLIENTS!$J:$J,$G7))) | F7: =IF($G7="","",IF(INDEX(BASECLIENTS!$K:$K,$G7)="","",INDEX(BASECLIENTS!$K:$K,$G7))) | G7: =IF(G6="","",IFERROR(G6+MATCH("OUI",OFFSET(BASECLIENTS!$G$1,G6,0,ROWS(BASECLIENTS!$G:$G)-G6,1),0),""))
A8: =IF($G8="","",IF(INDEX(BASECLIENTS!$A:$A,$G8)="","",INDEX(BASECLIENTS!$A:$A,$G8))) | B8: =IF($G8="","",IF(INDEX(BASECLIENTS!$C:$C,$G8)="","",INDEX(BASECLIENTS!$C:$C,$G8))) | C8: =IF($G8="","",IF(INDEX(BASECLIENTS!$B:$B,$G8)="","",INDEX(BASECLIENTS!$B:$B,$G8))) | D8: =IF($G8="","",IF(INDEX(BASECLIENTS!$D:$D,$G8)="","",INDEX(BASECLIENTS!$D:$D,$G8))) | E8: =IF($G8="","",IF(INDEX(BASECLIENTS!$J:$J,$G8)="","",INDEX(BASECLIENTS!$J:$J,$G8))) | F8: =IF($G8="","",IF(INDEX(BASECLIENTS!$K:$K,$G8)="","",INDEX(BASECLIENTS!$K:$K,$G8))) | G8: =IF(G7="","",IFERROR(G7+MATCH("OUI",OFFSET(BASECLIENTS!$G$1,G7,0,ROWS(BASECLIENTS!$G:$G)-G7,1),0),""))
A9: =IF($G9="","",IF(INDEX(BASECLIENTS!$A:$A,$G9)="","",INDEX(BASECLIENTS!$A:$A,$G9))) | B9: =IF($G9="","",IF(INDEX(BASECLIENTS!$C:$C,$G9)="","",INDEX(BASECLIENTS!$C:$C,$G9))) | C9: =IF($G9="","",IF(INDEX(BASECLIENTS!$B:$B,$G9)="","",INDEX(BASECLIENTS!$B:$B,$G9))) | D9: =IF($G9="","",IF(INDEX(BASECLIENTS!$D:$D,$G9)="","",INDEX(BASECLIENTS!$D:$D,$G9))) | E9: =IF($G9="","",IF(INDEX(BASECLIENTS!$J:$J,$G9)="","",INDEX(BASECLIENTS!$J:$J,$G9))) | F9: =IF($G9="","",IF(INDEX(BASECLIENTS!$K:$K,$G9)="","",INDEX(BASECLIENTS!$K:$K,$G9))) | G9: =IF(G8="","",IFERROR(G8+MATCH("OUI",OFFSET(BASECLIENTS!$G$1,G8,0,ROWS(BASECLIENTS!$G:$G)-G8,1),0),""))
A10: =IF($G10="","",IF(INDEX(BASECLIENTS!$A:$A,$G10)="","",INDEX(BASECLIENTS!$A:$A,$G10))) | B10: =IF($G10="","",IF(INDEX(BASECLIENTS!$C:$C,$G10)="","",INDEX(BASECLIENTS!$C:$C,$G10))) | C10: =IF($G10="","",IF(INDEX(BASECLIENTS!$B:$B,$G10)="","",INDEX(BASECLIENTS!$B:$B,$G10))) | D10: =IF($G10="","",IF(INDEX(BASECLIENTS!$D:$D,$G10)="","",INDEX(BASECLIENTS!$D:$D,$G10))) | E10: =IF($G10="","",IF(INDEX(BASECLIENTS!$J:$J,$G10)="","",INDEX(BASECLIENTS!$J:$J,$G10))) | F10: =IF($G10="","",IF(INDEX(BASECLIENTS!$K:$K,$G10)="","",INDEX(BASECLIENTS!$K:$K,$G10))) | G10: =IF(G9="","",IFERROR(G9+MATCH("OUI",OFFSET(BASECLIENTS!$G$1,G9,0,ROWS(BASECLIENTS!$G:$G)-G9,1),0),""))
A11: =IF($G11="","",IF(INDEX(BASECLIENTS!$A:$A,$G11)="","",INDEX(BASECLIENTS!$A:$A,$G11))) | B11: =IF($G11="","",IF(INDEX(BASECLIENTS!$C:$C,$G11)="","",INDEX(BASECLIENTS!$C:$C,$G11))) | C11: =IF($G11="","",IF(INDEX(BASECLIENTS!$B:$B,$G11)="","",INDEX(BASECLIENTS!$B:$B,$G11))) | D11: =IF($G11="","",IF(INDEX(BASECLIENTS!$D:$D,$G11)="","",INDEX(BASECLIENTS!$D:$D,$G11))) | E11: =IF($G11="","",IF(INDEX(BASECLIENTS!$J:$J,$G11)="","",INDEX(BASECLIENTS!$J:$J,$G11))) | F11: =IF($G11="","",IF(INDEX(BASECLIENTS!$K:$K,$G11)="","",INDEX(BASECLIENTS!$K:$K,$G11))) | G11: =IF(G10="","",IFERROR(G10+MATCH("OUI",OFFSET(BASECLIENTS!$G$1,G10,0,ROWS(BASECLIENTS!$G:$G)-G10,1),0),""))
A12: =IF($G12="","",IF(INDEX(BASECLIENTS!$A:$A,$G12)="","",INDEX(BASECLIENTS!$A:$A,$G12))) | B12: =IF($G12="","",IF(INDEX(BASECLIENTS!$C:$C,$G12)="","",INDEX(BASECLIENTS!$C:$C,$G12))) | C12: =IF($G12="","",IF(INDEX(BASECLIENTS!$B:$B,$G12)="","",INDEX(BASECLIENTS!$B:$B,$G12))) | D12: =IF($G12="","",IF(INDEX(BASECLIENTS!$D:$D,$G12)="","",INDEX(BASECLIENTS!$D:$D,$G12))) | E12: =IF($G12="","",IF(INDEX(BASECLIENTS!$J:$J,$G12)="","",INDEX(BASECLIENTS!$J:$J,$G12))) | F12: =IF($G12="","",IF(INDEX(BASECLIENTS!$K:$K,$G12)="","",INDEX(BASECLIENTS!$K:$K,$G12))) | G12: =IF(G11="","",IFERROR(G11+MATCH("OUI",OFFSET(BASECLIENTS!$G$1,G11,0,ROWS(BASECLIENTS!$G:$G)-G11,1),0),""))
A13: =IF($G13="","",IF(INDEX(BASECLIENTS!$A:$A,$G13)="","",INDEX(BASECLIENTS!$A:$A,$G13))) | B13: =IF($G13="","",IF(INDEX(BASECLIENTS!$C:$C,$G13)="","",INDEX(BASECLIENTS!$C:$C,$G13))) | C13: =IF($G13="","",IF(INDEX(BASECLIENTS!$B:$B,$G13)="","",INDEX(BASECLIENTS!$B:$B,$G13))) | D13: =IF($G13="","",IF(INDEX(BASECLIENTS!$D:$D,$G13)="","",INDEX(BASECLIENTS!$D:$D,$G13))) | E13: =IF($G13="","",IF(INDEX(BASECLIENTS!$J:$J,$G13)="","",INDEX(BASECLIENTS!$J:$J,$G13))) | F13: =IF($G13="","",IF(INDEX(BASECLIENTS!$K:$K,$G13)="","",INDEX(BASECLIENTS!$K:$K,$G13))) | G13: =IF(G12="","",IFERROR(G12+MATCH("OUI",OFFSET(BASECLIENTS!$G$1,G12,0,ROWS(BASECLIENTS!$G:$G)-G12,1),0),""))
A14: =IF($G14="","",IF(INDEX(BASECLIENTS!$A:$A,$G14)="","",INDEX(BASECLIENTS!$A:$A,$G14))) | B14: =IF($G14="","",IF(INDEX(BASECLIENTS!$C:$C,$G14)="","",INDEX(BASECLIENTS!$C:$C,$G14))) | C14: =IF($G14="","",IF(INDEX(BASECLIENTS!$B:$B,$G14)="","",INDEX(BASECLIENTS!$B:$B,$G14))) | D14: =IF($G14="","",IF(INDEX(BASECLIENTS!$D:$D,$G14)="","",INDEX(BASECLIENTS!$D:$D,$G14))) | E14: =IF($G14="","",IF(INDEX(BASECLIENTS!$J:$J,$G14)="","",INDEX(BASECLIENTS!$J:$J,$G14))) | F14: =IF($G14="","",IF(INDEX(BASECLIENTS!$K:$K,$G14)="","",INDEX(BASECLIENTS!$K:$K,$G14))) | G14: =IF(G13="","",IFERROR(G13+MATCH("OUI",OFFSET(BASECLIENTS!$G$1,G13,0,ROWS(BASECLIENTS!$G:$G)-G13,1),0),""))
... A1001: =IF($G1001="","",IF(INDEX(BASECLIENTS!$A:$A,$G1001)="","",INDEX(BASECLIENTS!$A:$A,$G1001))) | B1001: =IF($G1001="","",IF(INDEX(BASECLIENTS!$C:$C,$G1001)="","",INDEX(BASECLIENTS!$C:$C,$G1001))) | C1001: =IF($G1001="","",IF(INDEX(BASECLIENTS!$B:$B,$G1001)="","",INDEX(BASECLIENTS!$B:$B,$G1001))) | D1001: =IF($G1001="","",IF(INDEX(BASECLIENTS!$D:$D,$G1001)="","",INDEX(BASECLIENTS!$D:$D,$G1001))) | E1001: =IF($G1001="","",IF(INDEX(BASECLIENTS!$J:$J,$G1001)="","",INDEX(BASECLIENTS!$J:$J,$G1001))) | F1001: =IF($G1001="","",IF(INDEX(BASECLIENTS!$K:$K,$G1001)="","",INDEX(BASECLIENTS!$K:$K,$G1001))) | G1001: =IF(G1000="","",IFERROR(G1000+MATCH("OUI",OFFSET(BASECLIENTS!$G$1,G1000,0,ROWS(BASECLIENTS!$G:$G)-G1000,1),0),""))

Sheet JEUDI
A1: HEURE D APPELS | B1: CODE CLIENTS | C1: NOM CLIENTS | D1: VILLE | E1: Numéro de téléphone | F1: COMMENTAIRE | G1: LIGNE BASE
A2: =IF($G2="","",IF(INDEX(BASECLIENTS!$A:$A,$G2)="","",INDEX(BASECLIENTS!$A:$A,$G2))) | B2: =IF($G2="","",IF(INDEX(BASECLIENTS!$C:$C,$G2)="","",INDEX(BASECLIENTS!$C:$C,$G2))) | C2: =IF($G2="","",IF(INDEX(BASECLIENTS!$B:$B,$G2)="","",INDEX(BASECLIENTS!$B:$B,$G2))) | D2: =IF($G2="","",IF(INDEX(BASECLIENTS!$D:$D,$G2)="","",INDEX(BASECLIENTS!$D:$D,$G2))) | E2: =IF($G2="","",IF(INDEX(BASECLIENTS!$J:$J,$G2)="","",INDEX(BASECLIENTS!$J:$J,$G2))) | F2: =IF($G2="","",IF(INDEX(BASECLIENTS!$K:$K,$G2)="","",INDEX(BASECLIENTS!$K:$K,$G2))) | G2: =IFERROR(MATCH("OUI",BASECLIENTS!$H:$H,0),"")
A3: =IF($G3="","",IF(INDEX(BASECLIENTS!$A:$A,$G3)="","",INDEX(BASECLIENTS!$A:$A,$G3))) | B3: =IF($G3="","",IF(INDEX(BASECLIENTS!$C:$C,$G3)="","",INDEX(BASECLIENTS!$C:$C,$G3))) | C3: =IF($G3="","",IF(INDEX(BASECLIENTS!$B:$B,$G3)="","",INDEX(BASECLIENTS!$B:$B,$G3))) | D3: =IF($G3="","",IF(INDEX(BASECLIENTS!$D:$D,$G3)="","",INDEX(BASECLIENTS!$D:$D,$G3))) | E3: =IF($G3="","",IF(INDEX(BASECLIENTS!$J:$J,$G3)="","",INDEX(BASECLIENTS!$J:$J,$G3))) | F3: =IF($G3="","",IF(INDEX(BASECLIENTS!$K:$K,$G3)="","",INDEX(BASECLIENTS!$K:$K,$G3))) | G3: =IF(G2="","",IFERROR(G2+MATCH("OUI",OFFSET(BASECLIENTS!$H$1,G2,0,ROWS(BASECLIENTS!$H:$H)-G2,1),0),""))
A4: =IF($G4="","",IF(INDEX(BASECLIENTS!$A:$A,$G4)="","",INDEX(BASECLIENTS!$A:$A,$G4))) | B4: =IF($G4="","",IF(INDEX(BASECLIENTS!$C:$C,$G4)="","",INDEX(BASECLIENTS!$C:$C,$G4))) | C4: =IF($G4="","",IF(INDEX(BASECLIENTS!$B:$B,$G4)="","",INDEX(BASECLIENTS!$B:$B,$G4))) | D4: =IF($G4="","",IF(INDEX(BASECLIENTS!$D:$D,$G4)="","",INDEX(BASECLIENTS!$D:$D,$G4))) | E4: =IF($G4="","",IF(INDEX(BASECLIENTS!$J:$J,$G4)="","",INDEX(BASECLIENTS!$J:$J,$G4))) | F4: =IF($G4="","",IF(INDEX(BASECLIENTS!$K:$K,$G4)="","",INDEX(BASECLIENTS!$K:$K,$G4))) | G4: =IF(G3="","",IFERROR(G3+MATCH("OUI",OFFSET(BASECLIENTS!$H$1,G3,0,ROWS(BASECLIENTS!$H:$H)-G3,1),0),""))
A5: =IF($G5="","",IF(INDEX(BASECLIENTS!$A:$A,$G5)="","",INDEX(BASECLIENTS!$A:$A,$G5))) | B5: =IF($G5="","",IF(INDEX(BASECLIENTS!$C:$C,$G5)="","",INDEX(BASECLIENTS!$C:$C,$G5))) | C5: =IF($G5="","",IF(INDEX(BASECLIENTS!$B:$B,$G5)="","",INDEX(BASECLIENTS!$B:$B,$G5))) | D5: =IF($G5="","",IF(INDEX(BASECLIENTS!$D:$D,$G5)="","",INDEX(BASECLIENTS!$D:$D,$G5))) | E5: =IF($G5="","",IF(INDEX(BASECLIENTS!$J:$J,$G5)="","",INDEX(BASECLIENTS!$J:$J,$G5))) | F5: =IF($G5="","",IF(INDEX(BASECLIENTS!$K:$K,$G5)="","",INDEX(BASECLIENTS!$K:$K,$G5))) | G5: =IF(G4="","",IFERROR(G4+MATCH("OUI",OFFSET(BASECLIENTS!$H$1,G4,0,ROWS(BASECLIENTS!$H:$H)-G4,1),0),""))
A6: =IF($G6="","",IF(INDEX(BASECLIENTS!$A:$A,$G6)="","",INDEX(BASECLIENTS!$A:$A,$G6))) | B6: =IF($G6="","",IF(INDEX(BASECLIENTS!$C:$C,$G6)="","",INDEX(BASECLIENTS!$C:$C,$G6))) | C6: =IF($G6="","",IF(INDEX(BASECLIENTS!$B:$B,$G6)="","",INDEX(BASECLIENTS!$B:$B,$G6))) | D6: =IF($G6="","",IF(INDEX(BASECLIENTS!$D:$D,$G6)="","",INDEX(BASECLIENTS!$D:$D,$G6))) | E6: =IF($G6="","",IF(INDEX(BASECLIENTS!$J:$J,$G6)="","",INDEX(BASECLIENTS!$J:$J,$G6))) | F6: =IF($G6="","",IF(INDEX(BASECLIENTS!$K:$K,$G6)="","",INDEX(BASECLIENTS!$K:$K,$G6))) | G6: =IF(G5="","",IFERROR(G5+MATCH("OUI",OFFSET(BASECLIENTS!$H$1,G5,0,ROWS(BASECLIENTS!$H:$H)-G5,1),0),""))
A7: =IF($G7="","",IF(INDEX(BASECLIENTS!$A:$A,$G7)="","",INDEX(BASECLIENTS!$A:$A,$G7))) | B7: =IF($G7="","",IF(INDEX(BASECLIENTS!$C:$C,$G7)="","",INDEX(BASECLIENTS!$C:$C,$G7))) | C7: =IF($G7="","",IF(INDEX(BASECLIENTS!$B:$B,$G7)="","",INDEX(BASECLIENTS!$B:$B,$G7))) | D7: =IF($G7="","",IF(INDEX(BASECLIENTS!$D:$D,$G7)="","",INDEX(BASECLIENTS!$D:$D,$G7))) | E7: =IF($G7="","",IF(INDEX(BASECLIENTS!$J:$J,$G7)="","",INDEX(BASECLIENTS!$J:$J,$G7))) | F7: =IF($G7="","",IF(INDEX(BASECLIENTS!$K:$K,$G7)="","",INDEX(BASECLIENTS!$K:$K,$G7))) | G7: =IF(G6="","",IFERROR(G6+MATCH("OUI",OFFSET(BASECLIENTS!$H$1,G6,0,ROWS(BASECLIENTS!$H:$H)-G6,1),0),""))
A8: =IF($G8="","",IF(INDEX(BASECLIENTS!$A:$A,$G8)="","",INDEX(BASECLIENTS!$A:$A,$G8))) | B8: =IF($G8="","",IF(INDEX(BASECLIENTS!$C:$C,$G8)="","",INDEX(BASECLIENTS!$C:$C,$G8))) | C8: =IF($G8="","",IF(INDEX(BASECLIENTS!$B:$B,$G8)="","",INDEX(BASECLIENTS!$B:$B,$G8))) | D8: =IF($G8="","",IF(INDEX(BASECLIENTS!$D:$D,$G8)="","",INDEX(BASECLIENTS!$D:$D,$G8))) | E8: =IF($G8="","",IF(INDEX(BASECLIENTS!$J:$J,$G8)="","",INDEX(BASECLIENTS!$J:$J,$G8))) | F8: =IF($G8="","",IF(INDEX(BASECLIENTS!$K:$K,$G8)="","",INDEX(BASECLIENTS!$K:$K,$G8))) | G8: =IF(G7="","",IFERROR(G7+MATCH("OUI",OFFSET(BASECLIENTS!$H$1,G7,0,ROWS(BASECLIENTS!$H:$H)-G7,1),0),""))
A9: =IF($G9="","",IF(INDEX(BASECLIENTS!$A:$A,$G9)="","",INDEX(BASECLIENTS!$A:$A,$G9))) | B9: =IF($G9="","",IF(INDEX(BASECLIENTS!$C:$C,$G9)="","",INDEX(BASECLIENTS!$C:$C,$G9))) | C9: =IF($G9="","",IF(INDEX(BASECLIENTS!$B:$B,$G9)="","",INDEX(BASECLIENTS!$B:$B,$G9))) | D9: =IF($G9="","",IF(INDEX(BASECLIENTS!$D:$D,$G9)="","",INDEX(BASECLIENTS!$D:$D,$G9))) | E9: =IF($G9="","",IF(INDEX(BASECLIENTS!$J:$J,$G9)="","",INDEX(BASECLIENTS!$J:$J,$G9))) | F9: =IF($G9="","",IF(INDEX(BASECLIENTS!$K:$K,$G9)="","",INDEX(BASECLIENTS!$K:$K,$G9))) | G9: =IF(G8="","",IFERROR(G8+MATCH("OUI",OFFSET(BASECLIENTS!$H$1,G8,0,ROWS(BASECLIENTS!$H:$H)-G8,1),0),""))
A10: =IF($G10="","",IF(INDEX(BASECLIENTS!$A:$A,$G10)="","",INDEX(BASECLIENTS!$A:$A,$G10))) | B10: =IF($G10="","",IF(INDEX(BASECLIENTS!$C:$C,$G10)="","",INDEX(BASECLIENTS!$C:$C,$G10))) | C10: =IF($G10="","",IF(INDEX(BASECLIENTS!$B:$B,$G10)="","",INDEX(BASECLIENTS!$B:$B,$G10))) | D10: =IF($G10="","",IF(INDEX(BASECLIENTS!$D:$D,$G10)="","",INDEX(BASECLIENTS!$D:$D,$G10))) | E10: =IF($G10="","",IF(INDEX(BASECLIENTS!$J:$J,$G10)="","",INDEX(BASECLIENTS!$J:$J,$G10))) | F10: =IF($G10="","",IF(INDEX(BASECLIENTS!$K:$K,$G10)="","",INDEX(BASECLIENTS!$K:$K,$G10))) | G10: =IF(G9="","",IFERROR(G9+MATCH("OUI",OFFSET(BASECLIENTS!$H$1,G9,0,ROWS(BASECLIENTS!$H:$H)-G9,1),0),""))
A11: =IF($G11="","",IF(INDEX(BASECLIENTS!$A:$A,$G11)="","",INDEX(BASECLIENTS!$A:$A,$G11))) | B11: =IF($G11="","",IF(INDEX(BASECLIENTS!$C:$C,$G11)="","",INDEX(BASECLIENTS!$C:$C,$G11))) | C11: =IF($G11="","",IF(INDEX(BASECLIENTS!$B:$B,$G11)="","",INDEX(BASECLIENTS!$B:$B,$G11))) | D11: =IF($G11="","",IF(INDEX(BASECLIENTS!$D:$D,$G11)="","",INDEX(BASECLIENTS!$D:$D,$G11))) | E11: =IF($G11="","",IF(INDEX(BASECLIENTS!$J:$J,$G11)="","",INDEX(BASECLIENTS!$J:$J,$G11))) | F11: =IF($G11="","",IF(INDEX(BASECLIENTS!$K:$K,$G11)="","",INDEX(BASECLIENTS!$K:$K,$G11))) | G11: =IF(G10="","",IFERROR(G10+MATCH("OUI",OFFSET(BASECLIENTS!$H$1,G10,0,ROWS(BASECLIENTS!$H:$H)-G10,1),0),""))
A12: =IF($G12="","",IF(INDEX(BASECLIENTS!$A:$A,$G12)="","",INDEX(BASECLIENTS!$A:$A,$G12))) | B12: =IF($G12="","",IF(INDEX(BASECLIENTS!$C:$C,$G12)="","",INDEX(BASECLIENTS!$C:$C,$G12))) | C12: =IF($G12="","",IF(INDEX(BASECLIENTS!$B:$B,$G12)="","",INDEX(BASECLIENTS!$B:$B,$G12))) | D12: =IF($G12="","",IF(INDEX(BASECLIENTS!$D:$D,$G12)="","",INDEX(BASECLIENTS!$D:$D,$G12))) | E12: =IF($G12="","",IF(INDEX(BASECLIENTS!$J:$J,$G12)="","",INDEX(BASECLIENTS!$J:$J,$G12))) | F12: =IF($G12="","",IF(INDEX(BASECLIENTS!$K:$K,$G12)="","",INDEX(BASECLIENTS!$K:$K,$G12))) | G12: =IF(G11="","",IFERROR(G11+MATCH("OUI",OFFSET(BASECLIENTS!$H$1,G11,0,ROWS(BASECLIENTS!$H:$H)-G11,1),0),""))
A13: =IF($G13="","",IF(INDEX(BASECLIENTS!$A:$A,$G13)="","",INDEX(BASECLIENTS!$A:$A,$G13))) | B13: =IF($G13="","",IF(INDEX(BASECLIENTS!$C:$C,$G13)="","",INDEX(BASECLIENTS!$C:$C,$G13))) | C13: =IF($G13="","",IF(INDEX(BASECLIENTS!$B:$B,$G13)="","",INDEX(BASECLIENTS!$B:$B,$G13))) | D13: =IF($G13="","",IF(INDEX(BASECLIENTS!$D:$D,$G13)="","",INDEX(BASECLIENTS!$D:$D,$G13))) | E13: =IF($G13="","",IF(INDEX(BASECLIENTS!$J:$J,$G13)="","",INDEX(BASECLIENTS!$J:$J,$G13))) | F13: =IF($G13="","",IF(INDEX(BASECLIENTS!$K:$K,$G13)="","",INDEX(BASECLIENTS!$K:$K,$G13))) | G13: =IF(G12="","",IFERROR(G12+MATCH("OUI",OFFSET(BASECLIENTS!$H$1,G12,0,ROWS(BASECLIENTS!$H:$H)-G12,1),0),""))
A14: =IF($G14="","",IF(INDEX(BASECLIENTS!$A:$A,$G14)="","",INDEX(BASECLIENTS!$A:$A,$G14))) | B14: =IF($G14="","",IF(INDEX(BASECLIENTS!$C:$C,$G14)="","",INDEX(BASECLIENTS!$C:$C,$G14))) | C14: =IF($G14="","",IF(INDEX(BASECLIENTS!$B:$B,$G14)="","",INDEX(BASECLIENTS!$B:$B,$G14))) | D14: =IF($G14="","",IF(INDEX(BASECLIENTS!$D:$D,$G14)="","",INDEX(BASECLIENTS!$D:$D,$G14))) | E14: =IF($G14="","",IF(INDEX(BASECLIENTS!$J:$J,$G14)="","",INDEX(BASECLIENTS!$J:$J,$G14))) | F14: =IF($G14="","",IF(INDEX(BASECLIENTS!$K:$K,$G14)="","",INDEX(BASECLIENTS!$K:$K,$G14))) | G14: =IF(G13="","",IFERROR(G13+MATCH("OUI",OFFSET(BASECLIENTS!$H$1,G13,0,ROWS(BASECLIENTS!$H:$H)-G13,1),0),""))
... A1001: =IF($G1001="","",IF(INDEX(BASECLIENTS!$A:$A,$G1001)="","",INDEX(BASECLIENTS!$A:$A,$G1001))) | B1001: =IF($G1001="","",IF(INDEX(BASECLIENTS!$C:$C,$G1001)="","",INDEX(BASECLIENTS!$C:$C,$G1001))) | C1001: =IF($G1001="","",IF(INDEX(BASECLIENTS!$B:$B,$G1001)="","",INDEX(BASECLIENTS!$B:$B,$G1001))) | D1001: =IF($G1001="","",IF(INDEX(BASECLIENTS!$D:$D,$G1001)="","",INDEX(BASECLIENTS!$D:$D,$G1001))) | E1001: =IF($G1001="","",IF(INDEX(BASECLIENTS!$J:$J,$G1001)="","",INDEX(BASECLIENTS!$J:$J,$G1001))) | F1001: =IF($G1001="","",IF(INDEX(BASECLIENTS!$K:$K,$G1001)="","",INDEX(BASECLIENTS!$K:$K,$G1001))) | G1001: =IF(G1000="","",IFERROR(G1000+MATCH("OUI",OFFSET(BASECLIENTS!$H$1,G1000,0,ROWS(BASECLIENTS!$H:$H)-G1000,1),0),""))

Sheet VENDREDI
A1: HEURE D APPELS | B1: CODE CLIENTS | C1: NOM CLIENTS | D1: VILLE | E1: Numéro de téléphone | F1: COMMENTAIRE | G1: LIGNE BASE
A2: =IF($G2="","",IF(INDEX(BASECLIENTS!$A:$A,$G2)="","",INDEX(BASECLIENTS!$A:$A,$G2))) | B2: =IF($G2="","",IF(INDEX(BASECLIENTS!$C:$C,$G2)="","",INDEX(BASECLIENTS!$C:$C,$G2))) | C2: =IF($G2="","",IF(INDEX(BASECLIENTS!$B:$B,$G2)="","",INDEX(BASECLIENTS!$B:$B,$G2))) | D2: =IF($G2="","",IF(INDEX(BASECLIENTS!$D:$D,$G2)="","",INDEX(BASECLIENTS!$D:$D,$G2))) | E2: =IF($G2="","",IF(INDEX(BASECLIENTS!$J:$J,$G2)="","",INDEX(BASECLIENTS!$J:$J,$G2))) | F2: =IF($G2="","",IF(INDEX(BASECLIENTS!$K:$K,$G2)="","",INDEX(BASECLIENTS!$K:$K,$G2))) | G2: =IFERROR(MATCH("OUI",BASECLIENTS!$I:$I,0),"")
A3: =IF($G3="","",IF(INDEX(BASECLIENTS!$A:$A,$G3)="","",INDEX(BASECLIENTS!$A:$A,$G3))) | B3: =IF($G3="","",IF(INDEX(BASECLIENTS!$C:$C,$G3)="","",INDEX(BASECLIENTS!$C:$C,$G3))) | C3: =IF($G3="","",IF(INDEX(BASECLIENTS!$B:$B,$G3)="","",INDEX(BASECLIENTS!$B:$B,$G3))) | D3: =IF($G3="","",IF(INDEX(BASECLIENTS!$D:$D,$G3)="","",INDEX(BASECLIENTS!$D:$D,$G3))) | E3: =IF($G3="","",IF(INDEX(BASECLIENTS!$J:$J,$G3)="","",INDEX(BASECLIENTS!$J:$J,$G3))) | F3: =IF($G3="","",IF(INDEX(BASECLIENTS!$K:$K,$G3)="","",INDEX(BASECLIENTS!$K:$K,$G3))) | G3: =IF(G2="","",IFERROR(G2+MATCH("OUI",OFFSET(BASECLIENTS!$I$1,G2,0,ROWS(BASECLIENTS!$I:$I)-G2,1),0),""))
A4: =IF($G4="","",IF(INDEX(BASECLIENTS!$A:$A,$G4)="","",INDEX(BASECLIENTS!$A:$A,$G4))) | B4: =IF($G4="","",IF(INDEX(BASECLIENTS!$C:$C,$G4)="","",INDEX(BASECLIENTS!$C:$C,$G4))) | C4: =IF($G4="","",IF(INDEX(BASECLIENTS!$B:$B,$G4)="","",INDEX(BASECLIENTS!$B:$B,$G4))) | D4: =IF($G4="","",IF(INDEX(BASECLIENTS!$D:$D,$G4)="","",INDEX(BASECLIENTS!$D:$D,$G4))) | E4: =IF($G4="","",IF(INDEX(BASECLIENTS!$J:$J,$G4)="","",INDEX(BASECLIENTS!$J:$J,$G4))) | F4: =IF($G4="","",IF(INDEX(BASECLIENTS!$K:$K,$G4)="","",INDEX(BASECLIENTS!$K:$K,$G4))) | G4: =IF(G3="","",IFERROR(G3+MATCH("OUI",OFFSET(BASECLIENTS!$I$1,G3,0,ROWS(BASECLIENTS!$I:$I)-G3,1),0),""))
A5: =IF($G5="","",IF(INDEX(BASECLIENTS!$A:$A,$G5)="","",INDEX(BASECLIENTS!$A:$A,$G5))) | B5: =IF($G5="","",IF(INDEX(BASECLIENTS!$C:$C,$G5)="","",INDEX(BASECLIENTS!$C:$C,$G5))) | C5: =IF($G5="","",IF(INDEX(BASECLIENTS!$B:$B,$G5)="","",INDEX(BASECLIENTS!$B:$B,$G5))) | D5: =IF($G5="","",IF(INDEX(BASECLIENTS!$D:$D,$G5)="","",INDEX(BASECLIENTS!$D:$D,$G5))) | E5: =IF($G5="","",IF(INDEX(BASECLIENTS!$J:$J,$G5)="","",INDEX(BASECLIENTS!$J:$J,$G5))) | F5: =IF($G5="","",IF(INDEX(BASECLIENTS!$K:$K,$G5)="","",INDEX(BASECLIENTS!$K:$K,$G5))) | G5: =IF(G4="","",IFERROR(G4+MATCH("OUI",OFFSET(BASECLIENTS!$I$1,G4,0,ROWS(BASECLIENTS!$I:$I)-G4,1),0),""))
A6: =IF($G6="","",IF(INDEX(BASECLIENTS!$A:$A,$G6)="","",INDEX(BASECLIENTS!$A:$A,$G6))) | B6: =IF($G6="","",IF(INDEX(BASECLIENTS!$C:$C,$G6)="","",INDEX(BASECLIENTS!$C:$C,$G6))) | C6: =IF($G6="","",IF(INDEX(BASECLIENTS!$B:$B,$G6)="","",INDEX(BASECLIENTS!$B:$B,$G6))) | D6: =IF($G6="","",IF(INDEX(BASECLIENTS!$D:$D,$G6)="","",INDEX(BASECLIENTS!$D:$D,$G6))) | E6: =IF($G6="","",IF(INDEX(BASECLIENTS!$J:$J,$G6)="","",INDEX(BASECLIENTS!$J:$J,$G6))) | F6: =IF($G6="","",IF(INDEX(BASECLIENTS!$K:$K,$G6)="","",INDEX(BASECLIENTS!$K:$K,$G6))) | G6: =IF(G5="","",IFERROR(G5+MATCH("OUI",OFFSET(BASECLIENTS!$I$1,G5,0,ROWS(BASECLIENTS!$I:$I)-G5,1),0),""))
A7: =IF($G7="","",IF(INDEX(BASECLIENTS!$A:$A,$G7)="","",INDEX(BASECLIENTS!$A:$A,$G7))) | B7: =IF($G7="","",IF(INDEX(BASECLIENTS!$C:$C,$G7)="","",INDEX(BASECLIENTS!$C:$C,$G7))) | C7: =IF($G7="","",IF(INDEX(BASECLIENTS!$B:$B,$G7)="","",INDEX(BASECLIENTS!$B:$B,$G7))) | D7: =IF($G7="","",IF(INDEX(BASECLIENTS!$D:$D,$G7)="","",INDEX(BASECLIENTS!$D:$D,$G7))) | E7: =IF($G7="","",IF(INDEX(BASECLIENTS!$J:$J,$G7)="","",INDEX(BASECLIENTS!$J:$J,$G7))) | F7: =IF($G7="","",IF(INDEX(BASECLIENTS!$K:$K,$G7)="","",INDEX(BASECLIENTS!$K:$K,$G7))) | G7: =IF(G6="","",IFERROR(G6+MATCH("OUI",OFFSET(BASECLIENTS!$I$1,G6,0,ROWS(BASECLIENTS!$I:$I)-G6,1),0),""))
A8: =IF($G8="","",IF(INDEX(BASECLIENTS!$A:$A,$G8)="","",INDEX(BASECLIENTS!$A:$A,$G8))) | B8: =IF($G8="","",IF(INDEX(BASECLIENTS!$C:$C,$G8)="","",INDEX(BASECLIENTS!$C:$C,$G8))) | C8: =IF($G8="","",IF(INDEX(BASECLIENTS!$B:$B,$G8)="","",INDEX(BASECLIENTS!$B:$B,$G8))) | D8: =IF($G8="","",IF(INDEX(BASECLIENTS!$D:$D,$G8)="","",INDEX(BASECLIENTS!$D:$D,$G8))) | E8: =IF($G8="","",IF(INDEX(BASECLIENTS!$J:$J,$G8)="","",INDEX(BASECLIENTS!$J:$J,$G8))) | F8: =IF($G8="","",IF(INDEX(BASECLIENTS!$K:$K,$G8)="","",INDEX(BASECLIENTS!$K:$K,$G8))) | G8: =IF(G7="","",IFERROR(G7+MATCH("OUI",OFFSET(BASECLIENTS!$I$1,G7,0,ROWS(BASECLIENTS!$I:$I)-G7,1),0),""))
A9: =IF($G9="","",IF(INDEX(BASECLIENTS!$A:$A,$G9)="","",INDEX(BASECLIENTS!$A:$A,$G9))) | B9: =IF($G9="","",IF(INDEX(BASECLIENTS!$C:$C,$G9)="","",INDEX(BASECLIENTS!$C:$C,$G9))) | C9: =IF($G9="","",IF(INDEX(BASECLIENTS!$B:$B,$G9)="","",INDEX(BASECLIENTS!$B:$B,$G9))) | D9: =IF($G9="","",IF(INDEX(BASECLIENTS!$D:$D,$G9)="","",INDEX(BASECLIENTS!$D:$D,$G9))) | E9: =IF($G9="","",IF(INDEX(BASECLIENTS!$J:$J,$G9)="","",INDEX(BASECLIENTS!$J:$J,$G9))) | F9: =IF($G9="","",IF(INDEX(BASECLIENTS!$K:$K,$G9)="","",INDEX(BASECLIENTS!$K:$K,$G9))) | G9: =IF(G8="","",IFERROR(G8+MATCH("OUI",OFFSET(BASECLIENTS!$I$1,G8,0,ROWS(BASECLIENTS!$I:$I)-G8,1),0),""))
A10: =IF($G10="","",IF(INDEX(BASECLIENTS!$A:$A,$G10)="","",INDEX(BASECLIENTS!$A:$A,$G10))) | B10: =IF($G10="","",IF(INDEX(BASECLIENTS!$C:$C,$G10)="","",INDEX(BASECLIENTS!$C:$C,$G10))) | C10: =IF($G10="","",IF(INDEX(BASECLIENTS!$B:$B,$G10)="","",INDEX(BASECLIENTS!$B:$B,$G10))) | D10: =IF($G10="","",IF(INDEX(BASECLIENTS!$D:$D,$G10)="","",INDEX(BASECLIENTS!$D:$D,$G10))) | E10: =IF($G10="","",IF(INDEX(BASECLIENTS!$J:$J,$G10)="","",INDEX(BASECLIENTS!$J:$J,$G10))) | F10: =IF($G10="","",IF(INDEX(BASECLIENTS!$K:$K,$G10)="","",INDEX(BASECLIENTS!$K:$K,$G10))) | G10: =IF(G9="","",IFERROR(G9+MATCH("OUI",OFFSET(BASECLIENTS!$I$1,G9,0,ROWS(BASECLIENTS!$I:$I)-G9,1),0),""))
A11: =IF($G11="","",IF(INDEX(BASECLIENTS!$A:$A,$G11)="","",INDEX(BASECLIENTS!$A:$A,$G11))) | B11: =IF($G11="","",IF(INDEX(BASECLIENTS!$C:$C,$G11)="","",INDEX(BASECLIENTS!$C:$C,$G11))) | C11: =IF($G11="","",IF(INDEX(BASECLIENTS!$B:$B,$G11)="","",INDEX(BASECLIENTS!$B:$B,$G11))) | D11: =IF($G11="","",IF(INDEX(BASECLIENTS!$D:$D,$G11)="","",INDEX(BASECLIENTS!$D:$D,$G11))) | E11: =IF($G11="","",IF(INDEX(BASECLIENTS!$J:$J,$G11)="","",INDEX(BASECLIENTS!$J:$J,$G11))) | F11: =IF($G11="","",IF(INDEX(BASECLIENTS!$K:$K,$G11)="","",INDEX(BASECLIENTS!$K:$K,$G11))) | G11: =IF(G10="","",IFERROR(G10+MATCH("OUI",OFFSET(BASECLIENTS!$I$1,G10,0,ROWS(BASECLIENTS!$I:$I)-G10,1),0),""))
A12: =IF($G12="","",IF(INDEX(BASECLIENTS!$A:$A,$G12)="","",INDEX(BASECLIENTS!$A:$A,$G12))) | B12: =IF($G12="","",IF(INDEX(BASECLIENTS!$C:$C,$G12)="","",INDEX(BASECLIENTS!$C:$C,$G12))) | C12: =IF($G12="","",IF(INDEX(BASECLIENTS!$B:$B,$G12)="","",INDEX(BASECLIENTS!$B:$B,$G12))) | D12: =IF($G12="","",IF(INDEX(BASECLIENTS!$D:$D,$G12)="","",INDEX(BASECLIENTS!$D:$D,$G12))) | E12: =IF($G12="","",IF(INDEX(BASECLIENTS!$J:$J,$G12)="","",INDEX(BASECLIENTS!$J:$J,$G12))) | F12: =IF($G12="","",IF(INDEX(BASECLIENTS!$K:$K,$G12)="","",INDEX(BASECLIENTS!$K:$K,$G12))) | G12: =IF(G11="","",IFERROR(G11+MATCH("OUI",OFFSET(BASECLIENTS!$I$1,G11,0,ROWS(BASECLIENTS!$I:$I)-G11,1),0),""))
A13: =IF($G13="","",IF(INDEX(BASECLIENTS!$A:$A,$G13)="","",INDEX(BASECLIENTS!$A:$A,$G13))) | B13: =IF($G13="","",IF(INDEX(BASECLIENTS!$C:$C,$G13)="","",INDEX(BASECLIENTS!$C:$C,$G13))) | C13: =IF($G13="","",IF(INDEX(BASECLIENTS!$B:$B,$G13)="","",INDEX(BASECLIENTS!$B:$B,$G13))) | D13: =IF($G13="","",IF(INDEX(BASECLIENTS!$D:$D,$G13)="","",INDEX(BASECLIENTS!$D:$D,$G13))) | E13: =IF($G13="","",IF(INDEX(BASECLIENTS!$J:$J,$G13)="","",INDEX(BASECLIENTS!$J:$J,$G13))) | F13: =IF($G13="","",IF(INDEX(BASECLIENTS!$K:$K,$G13)="","",INDEX(BASECLIENTS!$K:$K,$G13))) | G13: =IF(G12="","",IFERROR(G12+MATCH("OUI",OFFSET(BASECLIENTS!$I$1,G12,0,ROWS(BASECLIENTS!$I:$I)-G12,1),0),""))
A14: =IF($G14="","",IF(INDEX(BASECLIENTS!$A:$A,$G14)="","",INDEX(BASECLIENTS!$A:$A,$G14))) | B14: =IF($G14="","",IF(INDEX(BASECLIENTS!$C:$C,$G14)="","",INDEX(BASECLIENTS!$C:$C,$G14))) | C14: =IF($G14="","",IF(INDEX(BASECLIENTS!$B:$B,$G14)="","",INDEX(BASECLIENTS!$B:$B,$G14))) | D14: =IF($G14="","",IF(INDEX(BASECLIENTS!$D:$D,$G14)="","",INDEX(BASECLIENTS!$D:$D,$G14))) | E14: =IF($G14="","",IF(INDEX(BASECLIENTS!$J:$J,$G14)="","",INDEX(BASECLIENTS!$J:$J,$G14))) | F14: =IF($G14="","",IF(INDEX(BASECLIENTS!$K:$K,$G14)="","",INDEX(BASECLIENTS!$K:$K,$G14))) | G14: =IF(G13="","",IFERROR(G13+MATCH("OUI",OFFSET(BASECLIENTS!$I$1,G13,0,ROWS(BASECLIENTS!$I:$I)-G13,1),0),""))
... A1001: =IF($G1001="","",IF(INDEX(BASECLIENTS!$A:$A,$G1001)="","",INDEX(BASECLIENTS!$A:$A,$G1001))) | B1001: =IF($G1001="","",IF(INDEX(BASECLIENTS!$C:$C,$G1001)="","",INDEX(BASECLIENTS!$C:$C,$G1001))) | C1001: =IF($G1001="","",IF(INDEX(BASECLIENTS!$B:$B,$G1001)="","",INDEX(BASECLIENTS!$B:$B,$G1001))) | D1001: =IF($G1001="","",IF(INDEX(BASECLIENTS!$D:$D,$G1001)="","",INDEX(BASECLIENTS!$D:$D,$G1001))) | E1001: =IF($G1001="","",IF(INDEX(BASECLIENTS!$J:$J,$G1001)="","",INDEX(BASECLIENTS!$J:$J,$G1001))) | F1001: =IF($G1001="","",IF(INDEX(BASECLIENTS!$K:$K,$G1001)="","",INDEX(BASECLIENTS!$K:$K,$G1001))) | G1001: =IF(G1000="","",IFERROR(G1000+MATCH("OUI",OFFSET(BASECLIENTS!$I$1,G1000,0,ROWS(BASECLIENTS!$I:$I)-G1000,1),0),""))
